"snz_uid","snz_sex_gender_code","snz_birth_year_nbr","snz_birth_month_nbr","snz_ethnicity_grp1_nbr","snz_ethnicity_grp2_nbr","snz_ethnicity_grp3_nbr","snz_ethnicity_grp4_nbr","snz_ethnicity_grp5_nbr","snz_ethnicity_grp6_nbr","snz_deceased_year_nbr","snz_deceased_month_nbr","snz_parent1_uid","snz_parent2_uid"
3269849,1,1921,1,1,0,0,0,0,0,1935,1,NA,NA
2782536,1,1934,12,0,0,1,0,0,0,2001,7,NA,NA
7705340,2,1926,4,1,0,0,0,0,0,1997,12,NA,NA
5891774,1,1945,8,0,1,0,0,0,0,2014,2,1201303,6405348
4692093,2,1994,6,1,0,0,0,0,0,2064,10,6292559,9764020
402957,1,1955,9,0,0,1,0,0,0,2044,5,6925953,5250082
8972129,2,1923,5,1,0,0,0,0,0,1996,1,NA,NA
5077684,1,1981,8,1,0,0,0,0,0,2059,5,599944,572082
2766794,2,1929,8,0,0,1,0,0,0,1936,10,NA,NA
7617455,1,1991,2,0,0,0,1,0,0,2053,5,4933282,6382749
9333379,1,1964,1,0,0,0,1,0,0,2031,11,1186120,2328109
402412,1,1921,10,0,0,0,1,0,0,2005,10,NA,NA
1498110,2,1922,4,1,0,0,0,0,0,1996,12,NA,NA
8789912,2,1950,3,1,0,0,0,0,0,2001,7,1420592,8241105
2187328,2,1932,12,1,0,0,0,0,0,1999,2,NA,NA
4462763,2,1931,7,1,0,0,0,0,0,2000,6,NA,NA
4933282,2,1963,10,1,0,0,0,0,0,2035,3,4325013,7710613
9204533,2,1935,3,0,0,0,0,1,0,1993,4,NA,NA
6344796,1,1947,7,1,0,0,0,0,0,2024,4,724075,2627684
5927164,1,1949,1,0,0,1,0,0,0,2008,9,6411892,1919228
2466168,1,1976,12,1,0,0,0,0,0,2054,1,4250874,1531327
3906882,2,1943,2,1,0,0,0,0,0,2014,4,3684245,2697475
990423,1,1924,1,1,0,0,0,0,0,1977,6,NA,NA
6138729,2,1981,1,0,0,0,1,0,0,2062,9,9637705,1471356
5599161,1,1930,4,1,0,0,0,0,0,1999,4,NA,NA
2548994,1,1969,10,1,0,0,0,0,0,2025,9,2521539,822064
7710613,1,1936,5,1,0,0,0,0,0,1995,5,NA,NA
209008,1,1963,7,0,0,0,1,0,0,2045,10,759174,9257901
4462681,1,1979,5,1,0,0,0,0,0,2055,5,2015797,7219275
8291158,1,1977,1,1,0,0,0,0,0,2048,8,2346512,3971998
9983383,2,1928,8,0,0,0,1,0,0,1989,6,NA,NA
1438908,2,1930,7,0,1,0,0,0,0,2007,3,NA,NA
1612858,2,1921,1,1,0,0,0,0,0,1993,2,NA,NA
2237963,2,1942,8,1,0,0,0,0,0,1979,9,9842946,1040827
7294337,1,1953,4,0,1,0,0,0,0,2020,4,5292387,8577026
9171714,1,1927,2,1,0,0,0,0,0,1982,3,NA,NA
7873745,1,1939,3,1,0,0,0,0,0,2006,12,6630923,5083643
9895001,1,1948,3,1,0,0,0,0,0,2015,9,6459456,7634556
7935922,1,1928,12,1,0,0,0,0,0,1989,9,NA,NA
5550344,2,1972,10,0,0,1,0,0,0,2040,1,7789918,5820658
8905878,2,1954,12,1,0,0,0,0,0,2020,10,8869305,8310924
4832533,2,1967,7,1,0,0,0,0,0,2050,7,375774,4912064
6924623,2,1930,7,1,1,0,0,0,0,1939,4,NA,NA
6408621,1,1943,2,1,0,0,1,0,0,2012,2,8792224,8027526
3478534,1,1957,10,0,0,0,1,0,0,2027,3,4517736,3159275
5128059,2,1960,9,1,0,0,0,0,0,2003,8,6465916,380131
7365690,2,1940,3,0,0,0,1,0,0,2003,11,8473553,1934200
6961130,2,1933,2,1,0,1,0,0,0,2004,3,NA,NA
9853693,1,1963,4,1,0,0,0,0,0,2032,3,6597987,2160779
6643793,2,1929,12,1,0,0,0,0,0,2000,1,NA,NA
8796414,2,1923,5,0,1,0,0,0,0,1982,4,NA,NA
4534131,1,1922,4,1,0,0,0,0,0,2001,3,NA,NA
1556355,2,1974,10,0,1,0,0,0,0,2049,9,7834443,971540
1351322,2,2003,11,1,0,0,0,0,0,2077,5,2481827,8467297
4884487,2,1940,1,1,0,0,0,0,0,2009,11,1610989,6499419
5391420,1,1967,9,0,0,1,0,0,0,2032,5,9512110,5599161
2522009,1,1981,10,1,0,0,0,0,0,2054,10,1886503,6259797
3101360,1,1933,3,0,0,0,1,0,0,1996,11,NA,NA
5414683,1,1958,6,1,0,0,0,0,0,2026,8,2479745,5691563
2533671,1,2008,11,1,0,0,0,0,0,2087,11,2548594,6480336
37643,1,1941,3,1,0,0,0,0,0,2011,11,8473553,402412
1963713,1,1994,5,1,0,0,0,0,0,2051,7,419818,4783481
1040827,1,1920,7,0,1,0,0,0,0,1985,4,NA,NA
3492398,1,1951,11,1,0,0,0,0,0,2026,5,8972129,2042264
6766886,2,1954,1,0,0,1,0,0,0,2032,10,1420592,4332098
6073607,2,1961,3,0,1,0,1,0,0,2035,4,9591015,6857998
3388367,2,1920,2,1,0,0,0,0,0,1998,2,NA,NA
1403156,1,1944,10,1,0,0,0,0,0,2019,12,3417911,5083643
2747294,2,1952,10,1,0,0,0,0,0,2021,3,8693462,2921971
5502574,1,1966,3,0,0,1,0,0,0,2035,4,1268067,1403156
7909402,1,1970,1,1,0,0,0,0,0,2036,4,3915566,5377154
8873361,2,1968,4,1,0,0,0,0,0,2050,8,7731066,1656492
5541840,1,1957,7,0,1,0,0,0,0,2018,11,6461574,2697475
5008913,2,1981,1,0,0,0,1,0,0,2056,11,8905878,9426025
2346512,2,1958,8,1,0,0,0,0,0,2031,2,8889498,3511290
2160779,1,1939,1,1,0,0,0,0,0,2006,4,1994829,1187627
419818,2,1971,11,1,0,0,0,0,0,2047,6,654118,37643
9958306,2,1950,3,1,0,0,0,0,0,2018,11,6925953,8740403
3511290,1,1927,7,1,0,0,0,0,0,2002,12,NA,NA
1661262,2,1935,7,1,0,0,0,0,0,2006,9,NA,NA
2130204,1,2007,8,0,1,0,1,0,0,2077,11,5282175,4462681
7481965,2,1953,8,1,0,0,0,0,0,2026,7,1462207,2403089
3456153,2,1980,4,1,0,0,1,0,0,2057,12,7347563,3621259
697980,2,1967,2,0,1,0,0,0,0,2038,6,3943981,7169141
3351421,1,1976,12,1,0,0,0,0,0,2039,10,3906882,2992316
8796668,2,1953,7,0,1,0,0,0,0,2015,11,4652847,9319807
3676716,1,1987,8,1,0,0,0,0,0,2050,2,6139035,4020957
6873544,1,2008,3,1,0,0,0,0,0,2072,9,3456153,757475
1495409,2,1978,1,1,0,0,0,0,0,2051,1,902655,3276379
7150313,1,1933,7,1,0,0,0,0,0,1995,4,NA,NA
5950692,1,1945,11,1,0,0,0,0,0,2011,7,7705340,5219058
7387933,2,1951,8,0,0,0,0,1,0,2020,5,8693462,9319807
5274496,2,1961,10,1,0,0,0,0,0,2041,6,5553343,5616781
1639038,2,1942,1,1,0,1,0,0,0,1976,3,7218042,990423
9456675,1,1955,2,1,0,0,0,0,0,2037,8,5082369,4581165
9636102,2,1962,7,1,0,0,0,0,0,2035,9,6775602,2238678
215469,2,1923,3,0,1,0,0,0,0,2004,1,NA,NA
7634556,1,1921,1,1,0,0,0,0,0,1985,5,NA,NA
8889498,2,1925,2,0,0,0,1,0,0,2008,11,NA,NA
2891509,1,1945,1,0,0,0,1,0,0,2014,3,2056540,8310924
8740650,2,1922,1,0,1,0,0,0,0,1984,9,NA,NA
3472587,1,1989,3,0,1,0,0,0,0,2041,6,8796668,6666172
3435426,2,1998,10,0,1,0,1,0,0,2074,7,5994404,7884858
9457476,2,1990,11,1,0,1,0,0,0,1999,5,5274496,7984329
117012,1,1925,10,1,0,0,0,0,0,1990,12,NA,NA
8455408,1,1986,2,0,1,0,0,0,0,2057,6,2032031,9339708
1539092,1,1975,11,0,0,0,1,0,0,2050,11,8967042,4598562
4928988,2,1952,12,1,0,0,0,0,0,2028,9,9954099,6405348
850189,2,1960,5,1,0,0,0,0,0,2027,11,4138253,1545479
6931789,1,1923,7,0,0,0,1,0,0,1992,10,NA,NA
7293091,1,1967,6,1,0,0,0,0,0,2032,5,4506302,1408472
5191238,1,1934,7,1,1,0,0,0,0,2006,2,NA,NA
2313278,1,1976,9,1,0,0,0,0,0,2047,7,4715178,1375872
4332098,1,1925,12,1,0,0,0,0,0,2001,10,NA,NA
3145253,2,1994,5,1,0,0,0,0,0,2057,10,9676867,3393708
7218042,2,1920,11,1,0,0,0,0,0,1978,8,NA,NA
3961738,1,1928,11,0,0,1,0,0,0,2012,9,NA,NA
2348357,1,2000,3,1,0,0,0,0,0,2025,7,6371630,4274831
1408989,2,1956,3,1,0,0,0,0,0,1970,4,1533761,7049490
5984960,1,1951,8,0,0,1,0,0,0,2009,9,1462589,1123757
8128398,1,1984,7,1,0,0,0,0,0,2056,4,5994404,9486058
2532688,1,1964,3,1,0,0,0,0,0,2031,10,2044051,3511290
2138294,2,1981,7,1,0,0,0,0,0,2041,7,8994964,2842132
9135045,1,1963,3,1,0,0,0,0,0,2023,1,2365728,4188483
1367348,2,1987,2,0,0,1,0,0,0,2052,3,9517226,3478534
6160262,1,1950,12,1,0,0,0,0,0,2022,6,3083308,848556
1940796,2,1925,6,1,0,0,0,0,0,1993,2,NA,NA
7678374,1,1965,12,1,0,0,0,0,0,2028,4,6427377,1670663
7509468,1,1963,4,1,0,0,0,0,0,2032,3,2428208,9171714
5319363,1,1943,11,1,0,0,0,0,0,2005,3,8796414,4963523
1661424,1,1963,9,1,0,0,0,0,0,2027,5,5003088,1911045
9637705,2,1962,2,0,1,0,0,0,0,2019,4,3005104,8109684
9692224,1,1936,10,1,0,0,0,0,0,2002,7,NA,NA
8876042,1,1942,6,1,0,0,0,0,0,2003,1,1994829,9377772
6934490,1,1965,6,0,1,0,1,0,0,2039,4,4051750,5151062
709332,2,1929,7,1,0,0,0,0,0,2016,5,NA,NA
7061989,1,1946,7,0,0,0,1,0,0,2023,4,8796414,3961738
9597488,2,1938,2,1,0,0,1,0,0,2005,7,1564575,5800304
9175170,2,1945,3,0,0,0,1,0,0,2021,8,511772,1343304
1429697,2,1959,10,0,0,1,0,0,0,2035,10,5209049,4598562
4325013,2,1930,6,0,1,0,0,0,0,2008,11,NA,NA
8740403,1,1931,7,1,0,0,0,0,0,2013,6,NA,NA
8328413,2,1968,10,1,0,0,0,0,0,2035,5,9204533,1656492
9317878,2,1994,8,1,0,0,0,0,0,2069,8,7302290,9818181
3834214,2,1940,3,1,0,0,0,0,0,2011,11,9644224,2620496
3106222,1,1952,2,1,0,0,0,0,0,2011,11,6738751,2782536
6499419,1,1921,11,0,1,0,0,0,0,1989,4,NA,NA
7062928,1,2012,3,1,0,0,0,0,0,2083,1,4950625,7938478
643341,2,1924,7,1,0,0,0,0,0,1987,3,NA,NA
1531327,1,1939,4,0,1,0,0,0,0,2016,5,3568575,402412
3802860,1,1963,2,1,1,0,0,0,0,2041,11,3834214,6570021
3427822,2,1925,8,1,0,0,1,0,0,2008,4,NA,NA
7057515,2,1961,6,0,1,0,0,0,0,2048,10,4517736,7710613
7459176,1,1922,8,1,0,0,0,0,0,1990,6,NA,NA
1883541,2,1932,7,1,0,0,0,0,0,2002,10,NA,NA
4576429,2,1948,6,1,0,0,0,0,0,2023,8,8740650,9940045
1656492,1,1947,5,1,0,0,0,0,0,2011,3,1677615,1187627
661466,1,1954,2,1,0,0,0,0,0,2038,11,6459456,8740403
345923,2,1921,4,0,0,0,1,0,0,1990,10,NA,NA
6251262,1,1965,2,1,0,0,0,0,0,1997,7,9074314,7483402
7178251,2,1965,12,0,0,1,0,0,0,2029,5,4462763,659091
8717447,2,1958,5,1,0,0,0,0,0,2039,10,921405,7049490
3599949,1,1930,2,0,1,0,0,0,0,1997,5,NA,NA
7841729,2,1923,6,0,0,1,0,0,0,1994,3,NA,NA
3133527,2,1929,4,1,0,0,0,0,0,1971,9,NA,NA
647932,1,1923,8,1,0,0,0,0,0,2006,8,NA,NA
6515916,2,1950,11,1,0,0,0,0,0,2030,6,6738751,4976625
1619431,2,1935,11,1,0,0,0,0,0,2012,11,NA,NA
1408472,1,1931,10,1,0,0,0,0,0,1998,9,NA,NA
2403089,1,1928,10,1,0,0,0,0,0,2000,1,NA,NA
3511698,2,1931,5,0,1,0,0,0,0,2012,8,NA,NA
1187627,1,1921,12,0,0,1,0,0,0,1993,4,NA,NA
2381514,2,1961,10,0,1,0,0,0,0,2027,11,8987511,1092647
9096590,1,1940,3,1,0,0,1,0,0,1997,2,3568575,9940045
7525121,1,2001,5,1,0,0,0,0,0,2077,4,919476,6634846
3545376,2,1950,4,1,0,0,0,0,0,2028,9,4852410,8223317
8243337,1,1974,7,1,0,0,0,0,0,2049,3,7834443,5927164
5489058,1,1986,1,1,0,1,0,0,0,2047,5,9262309,2051650
4578805,2,1927,8,1,0,0,0,0,0,1995,1,NA,NA
8478939,2,1922,7,0,0,0,1,0,0,1991,12,NA,NA
1366556,2,1958,5,1,0,0,0,0,0,1987,12,6643793,3599949
5691563,1,1930,10,1,0,0,0,0,0,1998,10,NA,NA
3849005,1,1946,6,1,0,0,0,0,0,2011,2,1498110,6244578
3588329,1,1934,10,1,1,0,0,0,0,1993,11,NA,NA
380131,1,1935,6,1,0,0,0,0,0,1999,4,NA,NA
7234303,1,1967,12,1,1,0,0,0,0,2037,6,6456042,1563321
2072724,2,1925,2,1,0,0,0,0,0,1991,4,NA,NA
9690085,1,1930,5,1,0,0,0,0,0,2012,8,NA,NA
7786198,1,1937,4,1,0,0,0,0,0,2003,7,NA,NA
636630,2,1957,5,1,0,0,0,0,0,2021,1,1557608,117012
3806100,1,1967,6,0,0,0,1,0,0,2029,8,3121894,9526223
8792224,2,1925,7,0,0,1,0,0,0,2002,9,NA,NA
2328024,1,1978,8,0,1,0,0,0,0,2056,9,359098,6408621
1460438,1,1937,1,1,0,0,0,0,0,1943,12,NA,NA
8598553,2,1938,4,1,0,1,0,0,0,1998,11,1564575,5555489
3121894,2,1949,11,1,0,0,1,0,0,2026,6,7705340,3599949
2106433,1,1979,7,0,1,0,0,0,0,2063,12,9827572,3106222
4135179,1,1962,2,0,1,0,0,0,0,2026,7,4748034,8223317
5063420,1,1984,11,1,0,0,0,0,0,2041,5,660141,9290575
9793075,2,2001,5,1,0,0,0,0,0,2072,2,419818,7678374
8029625,2,1973,6,1,0,0,0,0,0,2054,5,7147327,7814273
2996267,2,1945,11,0,1,0,0,0,0,1956,4,8062990,7459176
1564575,2,1920,3,1,0,0,0,0,0,1980,1,NA,NA
1050173,1,1939,11,1,0,0,0,0,0,2020,12,511772,1343304
1462589,2,1933,12,1,0,0,0,0,0,1999,2,NA,NA
8847538,2,1944,8,1,0,0,0,0,0,1966,10,8972129,1656920
4360074,1,1931,8,1,0,0,0,0,0,2001,7,NA,NA
1785917,1,1922,8,1,0,0,0,0,0,1990,9,NA,NA
9036752,2,1926,8,0,1,1,0,0,0,1956,9,NA,NA
6632588,2,1937,1,1,0,0,0,0,0,2017,7,NA,NA
8862948,1,1965,5,1,0,0,0,0,0,2028,4,3962958,6344796
5209049,2,1934,3,0,0,1,0,0,0,1991,4,NA,NA
5073391,1,1972,6,1,0,0,0,0,0,2052,8,902655,4457550
8310924,1,1924,5,0,1,0,0,0,0,2011,10,NA,NA
511772,2,1921,9,0,0,0,0,1,0,1988,10,NA,NA
4248108,1,1931,6,1,0,0,0,0,0,2009,5,NA,NA
1246513,2,1992,6,0,0,0,1,0,0,2061,12,8873361,8226313
8121011,1,1960,9,0,0,0,1,0,0,2021,7,2479745,7834797
428871,2,1944,5,1,0,0,0,0,0,2014,6,8478939,848556
2915759,2,1958,8,1,0,0,0,0,0,2036,1,7192419,3021286
1599678,1,1949,11,1,0,0,0,0,0,2026,5,5681625,1040827
9193527,2,1924,8,1,0,0,1,0,0,1997,8,NA,NA
8995521,2,1965,12,1,0,0,0,0,0,2036,7,3861411,9649902
8281612,1,1990,10,0,0,0,0,0,1,2064,10,2976700,791987
724075,2,1921,7,0,1,0,0,0,0,1992,10,NA,NA
4651100,1,1935,7,1,0,0,0,0,0,2001,7,NA,NA
948918,1,1965,7,0,0,0,1,0,0,2041,1,5434451,5151062
7939078,2,1932,7,0,0,1,0,0,0,2005,4,NA,NA
8724650,1,1945,8,1,0,0,0,0,0,2032,2,4330665,2620496
233517,2,1935,7,1,1,0,0,0,0,2007,8,NA,NA
5263379,2,1962,7,0,0,0,1,0,0,2033,9,6465916,3621259
523800,2,1941,12,1,1,0,0,0,0,2022,9,4330665,6931789
4330447,1,1944,10,0,0,0,1,0,0,2004,9,9036752,7634556
8326680,1,1967,7,1,0,0,0,0,0,2045,4,1462589,7169141
902655,2,1943,11,1,0,0,0,0,0,2003,2,1934200,8966966
8763628,2,1962,1,1,0,0,0,0,0,2017,4,6925953,5319363
2992291,1,1949,3,1,0,0,0,0,0,2023,8,6411892,2403089
1186120,2,1942,4,0,0,0,1,0,0,2010,8,658747,7049490
6405348,1,1925,2,0,0,1,0,0,0,1981,7,NA,NA
7938478,1,1985,8,0,0,0,1,0,0,2019,3,286299,948918
8698457,2,2015,6,1,0,0,0,0,0,2101,2,4332004,3676716
2256900,2,1994,3,1,0,0,0,0,0,2064,8,8657962,4783481
3990522,2,1949,7,0,0,1,0,0,0,2006,10,4001006,7604814
3163576,2,1944,11,1,0,0,0,0,0,2012,11,630579,8027526
4464035,2,1946,3,1,0,0,0,0,0,1955,3,1557608,2859331
76761,1,1953,11,1,0,0,0,0,0,2038,7,630579,8310924
1148775,1,1969,11,0,1,0,1,0,0,2039,3,2365728,4188483
6925522,2,1984,12,1,0,0,0,0,0,2069,10,8796668,5882355
5681625,2,1930,10,0,0,0,1,0,0,2003,8,NA,NA
4694564,2,1968,11,1,0,0,0,0,0,2029,4,1639038,4598562
7859246,2,1924,10,1,0,0,0,0,0,1930,10,NA,NA
6895986,2,1980,2,1,0,0,0,0,0,2046,11,9867634,1543779
7048268,2,1991,7,1,0,0,0,0,0,2067,11,4395687,8102126
2318822,1,2016,11,1,0,0,0,0,0,2088,2,4692239,1452488
445607,1,1967,1,0,0,0,1,0,0,2000,7,902384,1403156
7834443,2,1950,1,0,0,1,0,0,0,2035,10,709332,9171714
3446216,1,1957,4,1,0,0,0,0,0,2018,3,643341,9940045
1540937,1,1959,12,1,0,0,0,0,0,2019,12,3834214,9649902
4450214,2,1982,1,1,0,0,0,0,0,2046,10,1366556,5414683
660141,2,1947,4,1,0,0,0,0,0,2014,12,1940796,990423
5764611,2,1962,1,1,0,0,0,0,0,2023,8,3114465,7169141
5802094,1,1968,7,1,1,0,0,0,0,2044,4,3174187,7169141
4805170,2,1971,12,1,0,0,0,0,0,2036,10,7946416,8151291
2022317,1,1945,3,0,1,0,0,0,0,2013,1,511772,5398985
1543779,1,1961,5,0,0,0,0,0,1,2025,12,2521539,7710613
2279765,2,1940,3,1,0,0,0,0,0,2015,6,1685960,3721379
603299,1,1960,7,0,0,0,1,0,0,2038,11,8987511,7483402
4692239,2,1987,2,1,0,0,0,0,0,2058,7,4999370,3138896
2697475,1,1922,2,1,0,0,0,0,0,1999,1,NA,NA
5131834,2,1925,4,1,0,0,0,0,0,1930,1,NA,NA
7219275,1,1945,5,1,0,0,0,0,0,2012,12,8582021,4627526
4585169,1,1971,7,0,0,1,0,0,0,2044,3,6119325,5882355
3805202,2,1935,6,1,0,0,0,0,0,2010,7,NA,NA
1471356,1,1950,3,1,0,0,0,0,0,2008,11,8972129,6857998
9315385,2,1940,10,1,0,0,0,0,0,2019,8,511772,2697475
7311915,1,1931,6,1,0,0,0,0,0,1996,7,NA,NA
6037068,2,1988,5,1,0,0,0,0,0,2056,8,6634727,6934490
1342170,1,1954,5,0,0,1,0,0,0,2024,7,9983383,6465916
3083308,2,1926,8,0,0,0,1,0,0,1986,6,NA,NA
6857998,1,1927,10,1,1,0,0,0,0,2003,12,NA,NA
224170,1,1973,8,1,0,0,0,0,0,2041,11,1343636,6785152
3651221,2,1936,7,1,0,0,0,0,0,2007,10,NA,NA
8102126,1,1963,6,1,0,0,0,0,0,2030,10,8063937,1253036
4859807,1,1930,12,0,0,0,0,1,0,2004,8,NA,NA
5519789,2,1930,11,1,0,0,0,0,0,2003,1,NA,NA
7890645,2,2003,9,0,0,0,1,0,0,2081,4,8873361,7732605
6382749,1,1970,4,1,0,0,0,0,0,2035,10,660141,4598562
825451,2,1960,4,1,0,0,0,0,0,2040,7,8693462,4659558
121566,1,1939,6,1,0,0,0,0,0,2009,4,467955,6499419
359098,2,1957,5,1,0,0,0,0,0,2015,8,5209049,6931789
1068035,1,1961,8,1,0,0,0,0,0,2025,5,1718338,7604814
5003179,1,1929,8,0,1,0,0,0,0,2004,6,NA,NA
6652462,2,1920,12,1,0,0,0,0,0,1948,1,NA,NA
4629658,1,1948,5,1,0,0,0,0,0,2003,6,9649286,2859331
1231700,1,1936,4,1,0,0,0,0,0,2004,1,NA,NA
3246965,1,2008,8,1,0,0,0,0,0,2082,12,3393130,8128398
9642430,1,1977,7,0,0,0,1,0,0,2055,5,2521539,4057261
2722989,2,1928,5,1,0,0,0,0,0,1938,10,NA,NA
3444642,2,1925,11,0,1,0,0,0,0,2000,4,NA,NA
4748034,2,1925,11,1,0,0,0,0,0,1991,8,NA,NA
5421210,2,1996,8,1,0,0,1,0,0,2059,10,7455973,6251262
1119183,1,1983,8,1,0,0,0,0,0,2049,3,2032031,791987
2819007,1,1932,12,1,0,0,0,0,0,2001,9,NA,NA
1375872,1,1955,6,1,0,0,0,0,0,2016,9,3861411,7935922
7853063,1,1934,8,1,0,1,0,0,0,2003,2,NA,NA
5474938,1,1954,7,0,1,0,0,0,0,2017,8,1059834,2042264
2705192,1,1989,5,1,0,0,0,0,0,2061,5,1032146,9228181
4140208,2,1977,2,1,0,0,0,0,0,2049,10,359098,7048795
6971158,2,1947,1,1,0,0,0,0,0,1999,5,8693462,5555489
598828,1,2012,3,1,0,0,0,0,0,2080,4,2519466,2466168
6459456,2,1924,6,1,0,0,0,0,0,1995,11,NA,NA
8062990,2,1924,9,0,1,0,0,0,0,1972,6,NA,NA
8149857,2,1949,12,0,0,1,0,0,0,2013,1,1533761,5398985
7285864,1,1952,6,0,0,1,0,0,0,2010,3,3684245,9319807
6505982,1,1962,6,1,1,0,0,0,0,2025,12,7705340,7169141
9832422,2,1970,8,1,0,0,0,0,0,2037,7,2279765,1092647
9337677,2,1975,5,0,1,0,0,0,0,2061,5,4051750,858573
6689949,2,1927,11,0,0,0,1,0,0,1967,5,NA,NA
8790405,1,1952,1,1,0,0,0,0,0,2020,12,1677615,402412
2015797,2,1943,9,1,0,0,0,0,0,2008,9,467955,1934200
1155142,2,1929,9,1,1,0,0,0,0,1993,2,NA,NA
572082,1,1945,9,1,0,0,0,0,0,2011,10,1994829,1591634
9486058,1,1954,11,1,0,0,0,0,0,2033,11,6456042,6988226
4255852,1,1966,1,0,0,1,0,0,0,2045,9,654118,5003179
6465916,3,1933,6,1,0,0,0,0,0,2000,8,NA,NA
8508398,1,1961,3,1,0,0,0,0,0,2032,4,1343636,5319363
9649902,1,1934,11,1,0,0,0,0,0,2006,2,NA,NA
7147327,2,1944,7,1,0,0,0,0,0,2011,6,8889498,2697475
6066658,1,1986,7,0,1,0,0,0,0,2055,10,1810613,4330958
2527482,2,1928,4,0,1,0,0,0,0,1998,10,NA,NA
5165626,1,1941,10,0,1,0,0,0,0,2020,1,8796414,5658006
1852124,2,2013,7,1,0,0,0,0,0,2084,2,9317878,2466168
2859331,1,1924,5,1,0,0,0,0,0,2000,4,NA,NA
467955,2,1921,1,0,1,0,0,0,0,2005,11,NA,NA
2529731,1,1948,11,0,1,0,0,0,0,2014,4,5681625,7935922
6119325,2,1947,9,1,0,0,0,0,0,2023,9,1498110,7915916
3618169,2,1969,9,1,0,0,0,0,0,2034,9,4715178,8015298
9453111,2,1976,9,0,1,0,0,0,0,2031,7,5434451,5474938
6427377,2,1933,3,1,0,0,0,0,0,1992,3,NA,NA
4192597,1,1933,2,1,0,0,0,0,0,2003,8,NA,NA
1533761,2,1928,11,1,0,0,0,0,0,2005,9,NA,NA
518903,2,1997,6,1,0,0,0,0,0,2068,4,2976367,8326680
7834797,1,1924,12,0,0,0,0,0,1,1998,11,NA,NA
5596693,1,1953,10,0,0,1,0,0,0,2039,5,6630923,2152492
1090284,2,1970,5,1,0,0,0,0,0,2027,7,1101226,9591861
3394109,1,1953,3,1,0,0,0,0,0,2037,3,1883541,5329851
6461574,2,1933,11,1,0,0,0,0,0,2009,8,NA,NA
836743,2,2009,11,1,0,1,0,0,0,2083,7,5282175,2854986
9968767,1,1943,8,1,0,0,0,0,0,2012,12,8582021,1343304
3520568,1,1994,9,1,0,0,0,0,0,2010,9,5944468,5044356
9644224,2,1920,12,0,0,1,0,0,0,1945,2,NA,NA
822064,1,1945,8,0,1,0,0,0,0,2002,4,1940796,6931789
7570024,2,1960,1,1,0,0,0,0,0,2042,6,74928,5813606
3657904,1,1957,9,1,0,0,0,0,0,2031,5,8740650,5832575
8226313,1,1973,10,1,0,0,0,0,0,1996,1,3962958,341416
9954099,2,1927,5,0,0,0,1,0,0,1997,5,NA,NA
4852410,2,1928,5,0,0,0,1,0,0,2007,8,NA,NA
6109763,1,1944,11,0,0,1,0,0,0,2004,7,2056540,2047198
3098482,2,1974,11,0,0,0,1,0,0,1989,2,2877656,4629658
4232985,1,1998,8,0,1,0,0,0,0,2071,9,4067629,3833985
5616781,1,1930,9,1,0,0,0,0,0,2007,11,NA,NA
6508556,2,1952,3,1,0,0,0,0,0,2010,2,6459456,8310924
1594049,2,1989,5,1,0,0,0,0,0,2056,5,2032031,8121011
2377699,1,1969,6,1,0,0,0,0,0,2044,7,7147327,8577026
1706796,2,1997,4,1,0,0,0,0,0,2056,2,9636102,5091883
5636271,2,1963,8,0,1,0,0,0,0,1971,11,8693462,4912064
2244352,1,2014,9,1,0,0,0,0,0,2076,1,4683496,6480336
4625472,1,1931,7,0,0,1,0,0,0,1999,2,NA,NA
2172384,1,1951,1,0,0,1,0,0,0,2031,5,7218042,4174536
3076184,1,1968,6,1,0,0,0,0,0,2047,6,2237963,7478256
8452461,1,1984,10,1,0,0,0,0,0,2041,6,1366556,8151291
2527573,1,2012,11,1,0,0,0,0,0,2091,5,1594049,7735283
7048795,1,1943,8,1,0,0,0,0,0,2006,12,8889498,7713687
5882355,1,1951,2,1,0,1,0,0,0,2016,3,8473553,117012
83717,1,1955,6,1,0,0,0,0,0,2028,8,5209049,7532175
5082369,2,1924,4,1,0,0,0,0,0,1986,6,NA,NA
4570151,1,1945,7,1,0,1,0,0,0,2007,12,8972129,212797
9014911,1,1951,6,1,0,0,0,0,0,2013,8,5560276,1187627
4332004,2,1988,1,1,1,0,0,0,0,2070,5,4999370,7454585
2842132,1,1961,8,1,0,0,0,0,0,2026,8,4860320,5003179
7478256,3,1946,7,1,0,0,0,0,0,2006,6,1564575,8027526
7422386,2,1951,10,1,0,0,0,0,0,2006,3,4462763,3803360
4983057,2,1957,9,1,0,0,0,0,0,2021,5,233517,5617745
6117082,1,1975,4,0,0,1,0,0,0,2039,5,4893154,8109684
9526223,1,1942,11,1,0,0,0,0,0,2004,8,511772,4534131
1670663,1,1944,11,1,0,0,0,0,0,2026,2,200995,1283690
2335899,2,1970,12,0,0,0,1,0,0,2054,6,7946416,2328109
3691110,2,1984,12,1,0,0,0,0,0,2060,3,2381514,9014911
3288065,2,1922,10,1,0,0,0,0,0,2000,11,NA,NA
1032146,2,1956,3,1,0,0,0,0,0,2027,5,2187328,6244578
690505,1,2010,3,1,0,0,0,0,0,2093,11,3528422,2522009
6255938,1,1997,8,1,0,0,0,0,0,2073,7,5282175,8058584
6570021,1,1932,5,0,0,0,1,0,0,2014,7,NA,NA
9827572,2,1952,7,0,1,0,0,0,0,2022,6,9983383,2256685
8693462,2,1929,7,0,0,0,1,0,0,2000,7,NA,NA
5151062,1,1946,11,1,0,0,0,0,0,2014,3,6652462,4963523
6226337,1,1965,9,0,1,0,0,0,0,2043,5,8691048,7311915
9796130,1,1976,11,0,0,1,0,0,0,2041,8,428871,1911045
5820658,1,1937,6,0,1,0,0,0,0,2011,4,NA,NA
8027526,1,1922,7,1,0,0,0,0,0,1989,10,NA,NA
1911045,1,1941,8,1,0,0,0,0,0,2003,4,1498110,647932
4485160,2,1952,2,1,0,0,0,0,0,2020,9,2527482,4192597
1453626,1,1943,3,0,1,0,0,0,0,2018,2,4327948,1656920
8966966,1,1925,10,0,0,1,0,0,0,1992,7,NA,NA
2044051,2,1945,2,1,0,0,0,0,0,2008,5,8478939,8223317
974589,1,1921,12,1,0,0,0,0,0,1991,9,NA,NA
9649286,2,1928,5,0,1,0,0,0,0,1999,10,NA,NA
3583490,3,1972,2,0,1,0,0,0,0,2039,10,4250874,341416
8151291,1,1953,1,0,0,0,0,1,0,2018,3,8792224,7049490
1101226,2,1938,3,1,0,0,0,0,0,2007,12,9842946,5800304
8307324,2,1971,9,1,0,0,0,0,0,2046,6,654118,3819795
1897240,1,1942,9,0,0,0,1,0,0,1983,5,215469,5800304
1045260,2,2003,11,1,0,0,0,0,0,2069,5,357992,8308513
2369945,2,1929,11,1,0,0,0,0,0,1994,12,NA,NA
890113,1,1943,8,1,0,0,0,0,0,2006,5,6459456,2406929
7139105,2,1947,5,1,0,0,0,0,0,2023,3,6784286,4963523
7543250,2,1947,10,1,0,0,0,0,0,2021,8,1679951,1040827
2620496,1,1922,4,1,0,1,0,0,0,1950,10,NA,NA
4705618,1,1943,7,1,0,0,0,0,0,2030,5,8478939,5020231
877075,2,1980,5,1,0,0,0,0,0,2047,2,1810613,2545656
4250874,2,1954,9,0,0,0,1,0,0,2018,1,5003088,2042264
1672337,2,1988,7,1,0,0,0,0,0,2027,11,1810613,9014911
1482050,1,1940,11,1,0,0,0,0,0,2006,7,3097768,1187627
5292387,2,1925,12,1,0,0,0,0,0,1991,11,NA,NA
2519466,2,1993,7,0,0,1,0,0,0,2054,3,4840397,314414
2901394,1,1946,7,1,0,0,0,0,0,2017,1,4545853,402412
4963523,1,1923,1,1,0,0,0,0,0,1988,12,NA,NA
3919030,1,2002,9,1,0,0,0,0,0,2074,5,9640031,914891
5814772,2,1920,10,1,0,0,0,0,0,1938,8,NA,NA
8920784,2,1963,3,1,0,0,0,0,0,2031,7,1268067,4915602
8241105,1,1926,10,0,0,0,0,1,0,2001,7,NA,NA
9842946,2,1920,6,0,1,0,0,0,0,1993,8,NA,NA
5186463,1,1979,3,0,1,0,0,0,0,2045,8,2113476,3394109
4683496,2,1986,5,1,0,0,0,0,0,2066,5,4983057,1812890
4067629,2,1965,3,0,1,0,0,0,0,2028,10,6643793,3101360
2406929,1,1923,5,1,0,0,0,0,0,1994,5,NA,NA
5439556,2,1961,7,0,1,0,0,0,0,2017,2,1528506,9171714
9426025,1,1956,8,1,0,0,0,0,0,2036,2,6925953,974589
2976700,2,1968,12,1,0,0,0,0,0,2045,10,5560276,4705618
513294,1,1933,5,1,0,0,0,0,0,2011,6,NA,NA
7734103,2,1968,3,1,0,0,0,0,0,2041,6,5553343,7311915
1557608,2,1928,5,1,0,0,0,0,0,1993,5,NA,NA
9293892,1,1969,4,1,0,0,0,0,0,2046,5,523800,5899946
6451303,1,1956,5,0,0,1,0,0,0,2026,10,8796414,2847564
2293073,2,1970,9,0,0,0,1,0,0,2047,4,8967042,572082
757475,1,1982,4,1,0,0,0,0,0,2058,7,4091103,6451303
1677615,2,1925,12,1,0,0,0,0,0,1991,1,NA,NA
2898283,1,1966,7,1,0,0,0,0,0,2029,10,2279765,8866034
9464808,2,1930,2,0,0,0,1,0,0,1993,2,NA,NA
5398985,1,1921,4,0,0,0,1,0,0,1977,5,NA,NA
2044261,2,1923,4,1,0,0,0,0,0,1953,9,NA,NA
9438170,2,1942,2,1,0,0,0,0,0,2002,12,3568575,1656920
3174187,2,1934,7,0,1,0,0,0,0,2016,5,NA,NA
3277813,1,1994,8,0,0,1,0,0,0,1998,12,2138528,4585169
6074944,2,1947,7,0,0,0,1,0,0,2004,4,2343036,2627684
2976367,2,1976,4,1,0,0,0,0,0,2040,7,7731066,822064
3620964,2,1962,3,0,0,0,1,0,0,2048,6,6689949,6244578
8223317,1,1927,8,1,0,0,1,0,0,1995,9,NA,NA
3393130,2,1981,10,0,1,0,0,0,0,2040,12,6386664,9793397
2312035,2,1979,4,1,0,0,0,0,0,2052,6,2346512,9571314
8875362,2,1998,11,1,0,0,0,0,0,2075,5,1556355,9333379
3209794,1,1928,7,1,0,0,0,0,0,2004,5,NA,NA
4462346,1,1927,8,0,0,1,1,0,0,1993,3,NA,NA
9790895,2,1995,12,0,1,0,0,0,0,2070,6,7455973,7234303
3029233,1,1929,12,1,0,0,0,0,0,2010,5,NA,NA
4598562,1,1941,12,1,0,0,0,0,0,2001,9,467955,5398985
9591861,1,1948,8,1,0,0,0,0,0,2019,5,3083308,1934200
7192419,2,1926,8,1,0,0,0,0,0,1993,2,NA,NA
9793397,1,1962,10,0,1,0,0,0,0,2023,11,4652847,8389381
4330958,1,1950,12,1,0,0,0,0,0,2008,9,4852410,6254884
3349282,2,1959,3,1,0,0,0,0,0,2016,9,4462763,5813606
7169141,1,1934,11,1,0,0,0,0,0,1997,3,NA,NA
2548594,2,1985,5,1,0,0,0,0,0,2047,12,9676867,9456675
6630923,2,1921,11,1,0,0,0,0,0,1979,2,NA,NA
5886581,1,1943,9,1,0,0,0,0,0,2017,9,6630923,5555489
2236713,2,1969,6,0,0,0,1,0,0,2036,6,2521539,1092647
4783481,1,1969,8,1,1,0,0,0,0,2042,2,685995,4570151
1271058,1,1947,9,0,1,0,0,0,0,2024,7,8889498,4627526
9242240,1,1950,12,1,0,0,0,0,0,2013,12,1498110,9377772
705567,1,1979,6,1,0,0,0,0,0,2053,6,1807250,4057261
1301044,1,1966,4,1,0,0,0,0,0,1979,4,7398831,1959406
5800304,1,1920,3,1,0,0,0,0,0,1975,10,NA,NA
4958185,2,1926,9,1,0,0,0,0,0,1984,10,NA,NA
4383935,1,1971,7,0,0,0,1,0,0,2047,7,2015797,5319363
707702,2,1949,5,1,0,0,0,0,0,2007,7,6411892,117012
709794,1,2005,12,0,0,1,0,0,0,2037,3,6715448,4383935
6550009,1,1992,4,1,0,0,0,0,0,2058,11,8839462,4020957
9105662,2,1956,2,0,0,1,0,0,0,2034,5,6461574,1231700
122954,1,1980,5,1,0,0,0,0,0,2047,8,2044051,7048795
3564125,2,1976,6,1,0,0,0,0,0,2042,11,7700675,3621259
3114465,2,1943,10,0,0,1,0,0,0,2024,12,8582021,2042264
1886503,2,1944,7,1,0,0,0,0,0,2006,10,3417911,8241105
7316674,2,1954,12,1,0,0,0,0,0,2026,6,3097768,3803360
7300188,2,2000,2,1,0,0,0,0,0,2068,6,4450214,3802860
8931766,2,1952,5,1,0,0,0,0,0,2042,2,511772,6465916
3915566,2,1938,6,1,0,0,0,0,0,2010,7,1564575,1040827
1591634,1,1927,7,1,0,0,0,0,0,2013,10,NA,NA
4950625,2,1977,5,1,0,0,1,0,0,2045,3,7543250,5886581
1201303,2,1920,10,1,0,0,0,0,0,1981,3,NA,NA
9345324,1,1948,8,0,0,0,1,0,0,1962,10,2072724,974589
5707190,2,1948,3,1,0,0,0,0,0,2017,3,4327948,2256685
9101401,1,2002,4,0,1,0,0,0,0,2066,9,6305494,9764020
2152492,1,1931,8,1,0,0,0,0,0,1993,3,NA,NA
6858618,1,1946,1,0,0,1,0,0,0,2012,4,4860320,4963523
8984107,1,1964,4,1,0,0,0,0,0,2027,3,7499152,8798414
1175547,3,1948,8,1,0,0,0,0,0,1966,4,2527482,2256685
6666172,1,1952,10,1,0,0,0,0,0,2023,7,1201303,1959406
6725103,1,1982,1,1,0,0,0,0,0,2041,10,9074314,2992316
8577026,1,1933,3,1,0,0,0,0,0,1996,11,NA,NA
8409277,2,1969,11,1,0,0,0,0,0,2032,3,9175170,8577026
1361933,2,1925,10,1,0,0,0,0,0,1995,11,NA,NA
7841848,1,2009,12,1,1,0,0,0,0,2079,1,140184,5073391
6632156,1,1956,6,0,0,0,1,0,0,2037,10,7666990,4976625
782404,1,1967,3,1,0,0,0,0,0,2046,3,375774,5151062
9228181,1,1964,3,0,0,0,1,0,0,2031,10,5681625,7915916
9959532,2,1976,2,0,1,0,0,0,0,1998,10,6515916,6948953
2017439,2,1925,3,1,0,0,0,0,0,1992,10,NA,NA
5922502,1,1990,7,1,0,0,0,0,0,2059,3,8657962,6864752
7721796,1,1946,12,0,1,0,0,0,0,2015,9,1685960,2697475
9871317,1,1949,4,0,1,0,0,0,0,2025,10,8869305,647932
9629683,1,1942,7,0,0,1,0,0,0,2010,2,2044261,2042264
6258515,2,1947,9,0,0,0,1,0,0,2011,5,8987511,1187627
3276379,1,1957,9,1,0,0,0,0,0,2034,2,6689949,7049490
9591015,2,1930,4,1,0,0,0,0,0,1996,5,NA,NA
2204672,2,1945,12,1,0,0,0,0,0,1978,3,7841729,2697475
5020231,1,1924,12,0,1,0,0,0,0,1995,12,NA,NA
5798200,1,1967,8,1,0,0,0,0,0,2045,8,2428208,7061989
3425803,1,1924,4,1,0,0,0,0,0,1993,2,NA,NA
8691048,2,1941,4,1,0,0,0,0,0,2010,6,4327948,4534131
6119082,1,1980,8,0,0,0,0,1,0,2053,3,2113476,9818181
7198964,1,1944,3,1,0,0,0,0,0,2008,9,4330665,3425803
6411892,2,1925,8,1,0,0,0,0,0,1995,2,NA,NA
914891,1,1966,10,1,0,0,0,0,0,2041,12,3163576,7478256
2428208,2,1931,2,1,0,0,0,0,0,2001,8,NA,NA
759174,2,1933,2,0,0,0,1,0,0,1999,8,NA,NA
6784286,2,1923,3,1,0,0,0,0,0,1985,9,NA,NA
2136401,2,2007,7,1,0,0,0,0,0,2043,5,8497891,5073391
685995,3,1946,5,1,0,0,1,0,0,2023,8,1557608,1591634
5272423,2,1923,8,1,0,0,0,0,0,2002,10,NA,NA
4915602,1,1942,3,1,0,0,0,0,0,2023,3,1934200,6499419
3333886,1,1996,3,1,0,0,0,0,0,2071,10,419818,8291158
4907540,2,1991,3,0,0,0,1,0,0,2050,9,8905878,5544065
1343636,2,1942,5,1,0,0,0,0,0,2016,10,467955,1934200
341416,1,1947,5,1,0,0,0,0,0,2016,1,3083308,4627526
8308513,1,1981,7,1,0,0,0,0,0,2048,5,4893154,8724650
4457550,1,1942,3,1,0,0,0,0,0,2019,11,3288065,3425803
7814273,1,1949,8,1,0,0,0,0,0,2020,9,9842946,3425803
4017168,1,1927,7,1,0,0,1,0,0,1993,11,NA,NA
4395687,2,1970,7,0,1,0,0,0,0,2039,3,2113476,572082
5985848,1,1997,12,1,0,0,0,0,0,2063,12,8307324,4255852
2732407,2,1998,3,0,0,1,0,0,0,2071,10,4089888,9796130
4864395,1,2007,8,0,1,0,0,0,0,2066,11,1556355,2854986
9757512,2,1952,3,1,0,0,0,0,0,2025,6,3083308,3021286
5427598,2,1926,9,0,1,0,0,0,0,2004,12,NA,NA
24325,1,1935,2,1,0,0,0,0,0,2000,9,NA,NA
4976625,1,1931,2,1,0,0,0,0,0,1993,8,NA,NA
4334483,2,1923,11,0,0,0,1,0,0,1986,8,NA,NA
1268067,2,1931,5,1,0,0,0,0,0,2006,6,NA,NA
5842151,2,1983,3,0,0,0,0,0,1,2045,5,8967042,5984960
212797,1,1926,3,1,0,0,0,0,0,2005,12,NA,NA
9502218,1,1993,2,0,0,0,1,0,0,2047,4,4675500,7509468
4493120,1,1997,11,1,0,0,0,0,0,2061,10,7570024,2854986
8967042,2,1951,11,1,0,0,0,0,0,2012,8,4462763,5398985
4775828,2,1961,3,1,0,0,0,0,0,2031,3,2015797,1531327
9477552,1,1980,7,0,1,0,0,0,0,2043,1,7154189,7721796
7049490,1,1924,8,1,0,0,0,0,0,2000,7,NA,NA
6070605,1,1965,8,0,0,1,0,0,0,2048,8,2521539,3849005
3413363,2,1975,7,1,0,0,0,0,0,2050,4,660141,8908412
9315774,1,1995,4,0,0,0,1,0,0,2073,3,591371,7234303
9796843,1,1974,2,1,0,0,0,0,0,2043,12,4506302,402957
4227113,2,2003,9,0,1,0,0,0,0,2058,3,3509223,7938478
1994829,2,1920,9,0,0,1,0,0,0,1991,11,NA,NA
4327948,2,1920,2,1,0,0,0,0,0,2001,12,NA,NA
2042264,1,1924,7,0,1,0,0,0,0,2000,8,NA,NA
1494709,1,2000,5,1,0,0,0,0,0,2045,3,8497891,9333379
9849436,2,1948,5,1,0,0,0,0,0,2010,2,8869305,3961738
7515004,2,1979,6,1,0,0,0,0,0,1994,11,3977334,1274870
2479745,2,1938,6,1,0,0,0,0,0,2005,6,6652462,5800304
8602201,2,2001,7,0,0,1,0,0,0,2056,7,3393130,8291158
4539645,1,1980,3,1,0,0,0,0,0,2060,12,6508556,4676724
2521539,2,1941,3,1,0,0,0,0,0,2014,4,8473553,647932
4865784,1,1957,7,1,0,0,0,0,0,2038,5,4748034,8966966
6305494,2,1981,7,1,0,0,0,0,0,2052,8,4675500,9290575
4676724,1,1944,3,1,0,0,0,0,0,2009,5,1610989,2627684
8063937,2,1938,3,0,1,0,1,0,0,2013,7,1685960,9377772
5083643,1,1920,7,0,0,1,0,0,0,1988,11,NA,NA
8839462,2,1957,11,1,0,0,0,0,0,2028,4,6427377,1743409
1528506,2,1943,11,1,0,0,0,0,0,2003,9,7841729,2859331
7876753,1,1948,9,1,0,0,0,0,0,2008,12,5519789,3961738
1734127,1,1937,5,1,0,0,0,0,0,2000,7,NA,NA
3159275,1,1929,7,0,1,0,0,0,0,2008,2,NA,NA
6386664,2,1946,5,1,0,0,0,0,0,2040,2,6652462,7049490
7946416,2,1934,11,0,0,0,1,0,0,2001,9,NA,NA
3179541,2,1984,1,1,0,0,0,0,0,2063,7,6766886,8151291
2727468,1,1962,9,1,0,0,0,0,0,2008,6,2479745,3029233
9047716,2,1984,10,1,0,0,0,0,0,2049,4,6119325,4432591
6371630,2,1981,8,1,0,0,0,0,0,2048,7,2381514,858573
4037681,1,1925,6,1,0,0,0,0,0,1993,3,NA,NA
5730440,1,1968,3,1,0,0,0,0,0,2042,10,3651221,1531327
6828736,1,1983,4,1,0,1,0,0,0,2047,4,2113476,5414683
8994964,2,1953,4,1,0,0,0,0,0,2011,8,1612858,7915916
3380266,2,1982,8,1,0,0,0,0,0,2060,11,6432874,1599678
9812751,2,1968,9,1,0,0,0,0,0,2039,8,6461574,4676724
670069,2,1960,2,1,0,0,0,0,0,2018,2,4958185,1992377
8305903,1,1947,3,1,0,0,0,0,0,1954,4,2044261,1656920
5319970,1,1961,11,1,0,0,1,0,0,2023,2,4325013,5191238
7324564,2,1925,4,0,0,1,0,0,0,2008,9,NA,NA
4581505,1,1953,8,0,1,0,0,0,0,2034,4,759174,5813606
2365728,2,1939,7,0,1,0,0,0,0,1984,3,345923,5398985
7154189,2,1953,7,1,0,0,0,0,0,2036,6,4138253,2782536
3331715,2,1964,7,1,0,0,0,0,0,2027,2,1186120,4330447
8389381,1,1935,11,1,0,0,0,0,0,2005,2,NA,NA
4517736,2,1927,10,0,0,1,0,0,0,1996,11,NA,NA
7455973,2,1971,9,0,1,0,0,0,0,2041,11,7481965,1656492
4001006,2,1923,12,1,0,0,0,0,0,2000,3,NA,NA
4174536,1,1931,11,1,0,0,0,0,0,1989,11,NA,NA
5250082,1,1937,3,1,0,1,0,0,0,2020,6,NA,NA
6114690,2,1948,5,1,0,0,0,0,0,2026,11,4001006,3209794
3278661,1,1929,2,1,0,0,0,0,0,2016,4,NA,NA
8109684,1,1938,7,0,0,0,0,1,0,2015,2,1685960,7713687
4020957,1,1956,10,1,0,0,0,0,0,2027,1,7218042,1563321
5617745,1,1939,5,1,0,0,0,0,0,2020,7,3568575,402412
6674123,1,1968,11,1,0,0,0,0,0,2045,10,8149857,2375181
8079447,1,1955,6,1,1,0,0,0,0,2028,5,3133527,9692224
9517226,2,1952,6,0,0,0,1,0,0,2010,10,4748034,4963523
5899946,1,1951,5,1,0,0,0,0,0,2026,8,4327948,1992377
2348968,2,1936,8,1,0,0,0,0,0,1993,8,NA,NA
4893154,2,1944,12,1,0,0,0,0,0,2020,11,5082369,1187627
1718338,2,1938,6,1,0,0,0,0,0,2013,6,9842946,9377772
2688686,1,1960,2,1,0,0,0,0,0,2030,2,3427822,2819007
8056525,1,1939,9,1,0,0,0,0,0,1944,10,1994829,5083643
2056540,2,1925,10,0,1,0,0,0,0,1989,5,NA,NA
5646008,1,1953,10,0,0,0,1,0,0,2036,1,3861411,2859331
2854986,1,1974,12,1,0,0,0,0,0,2038,8,9512110,6451303
6259797,1,1954,7,0,0,1,0,0,0,2030,10,5681625,1040827
2567858,1,1940,2,1,0,0,0,0,0,2004,6,2343036,5083643
858573,1,1946,3,1,0,0,0,0,0,2015,6,3568575,1656920
5813606,1,1930,5,1,1,0,0,0,0,1983,9,NA,NA
7731066,2,1940,2,1,0,0,0,0,0,2012,9,9644224,1934200
4860320,2,1927,4,0,1,0,0,0,0,1978,1,NA,NA
8015298,1,1942,6,0,0,0,1,0,0,2019,8,724075,7049490
4051750,2,1944,10,1,0,0,0,0,0,2023,1,1934200,5219058
8873826,1,1931,11,0,0,0,1,0,0,1996,1,NA,NA
5944468,2,1964,7,1,0,0,0,0,0,2025,2,4860320,6570021
5832575,1,1937,10,1,0,0,0,0,0,2006,3,NA,NA
2847564,1,1936,3,0,1,0,0,0,0,2015,2,NA,NA
1969481,2,1960,10,0,0,0,1,0,0,2024,10,9315385,4912064
5036044,2,1962,11,0,0,1,0,0,0,2032,1,4893154,2403089
4901660,2,1972,11,1,0,0,0,0,0,2034,11,2015797,595968
2992534,2,1989,9,1,0,0,0,0,0,2066,1,4250874,2557311
3897249,2,1999,9,1,0,0,0,0,0,2061,1,1534763,7293091
7604122,1,1972,11,0,0,0,1,0,0,2047,3,7700675,934797
7454585,1,1969,7,1,0,0,0,0,0,2002,1,8598553,7532175
9944920,1,1934,10,1,0,0,0,0,0,1992,8,NA,NA
7532175,1,1936,10,1,0,0,0,0,0,2008,2,NA,NA
9672647,2,1953,12,1,0,0,0,0,0,2020,4,3861411,3029233
3940671,1,1949,10,1,0,0,0,0,0,2034,3,7841729,2152492
4999370,2,1956,3,1,0,0,0,0,0,2024,4,1438908,380131
6139035,2,1953,7,1,0,0,0,0,0,2014,5,7666990,212797
8657962,2,1957,9,0,1,0,0,0,0,2050,7,3444642,1040827
9378511,1,1963,12,1,0,0,0,0,0,2029,6,3005104,2782536
6639259,2,1942,2,0,1,0,0,0,0,2023,1,9644224,402412
1679951,2,1925,3,1,0,0,0,0,0,1988,2,NA,NA
591371,2,1973,8,1,0,0,0,0,0,2045,4,9074314,1271058
611465,2,1958,1,1,0,0,0,0,0,2022,10,8582021,24325
3504056,2,1974,12,1,0,0,0,0,0,2037,2,3915566,2022317
4276026,2,1946,11,1,0,0,0,0,0,1975,10,9954099,8310924
9611223,2,1942,6,1,0,0,0,0,0,2014,8,493931,3721379
5044356,1,1972,11,0,0,0,1,0,0,2036,7,9438170,1911045
2481827,2,1975,9,1,1,0,0,0,0,2046,11,9958306,1482050
2047198,1,1922,11,1,0,0,0,0,0,1989,5,NA,NA
2905995,1,1984,9,1,0,0,0,0,0,2057,11,1032146,2051650
2350363,1,1994,1,0,0,0,1,0,0,2065,10,7178251,782404
3219623,2,1957,5,1,0,0,0,0,0,2023,8,6461574,6857998
2557311,1,1964,10,0,1,0,0,0,0,2046,6,4138253,4457550
3490458,1,1986,4,1,0,0,0,0,0,2062,8,6515916,9228181
7884858,1,1961,2,1,1,0,0,0,0,2040,10,221450,1591634
3012095,1,1938,9,0,1,0,0,0,0,2007,2,8473553,9377772
6190191,1,1970,3,0,1,0,0,0,0,2037,4,4576429,7786198
658747,2,1923,1,1,0,0,0,0,0,2004,3,NA,NA
1959406,1,1930,3,1,0,0,0,0,0,1998,9,NA,NA
1059834,2,1936,10,1,0,0,0,0,0,1998,3,NA,NA
3509223,2,1976,11,1,0,0,0,0,0,2051,5,1886503,7048795
4581165,1,1931,12,1,0,0,0,0,0,2001,3,NA,NA
6634846,1,1967,5,0,0,1,0,0,0,2030,5,4222058,2847564
8117211,1,1957,5,0,1,0,0,0,0,2021,8,6775602,8328422
3138896,1,1969,7,0,0,0,1,0,0,2041,9,707702,1656492
4759394,2,1972,2,0,0,1,0,0,0,2031,7,1528506,7061989
405782,1,1951,4,0,1,0,0,0,0,2010,8,8478939,2406929
9940045,1,1922,10,0,0,1,0,0,0,1992,5,NA,NA
5329851,1,1933,9,1,0,0,0,0,0,2015,4,NA,NA
1036767,2,1963,3,1,0,0,0,0,0,2044,10,9204533,212797
3058229,2,1971,11,0,0,1,0,0,0,2032,1,9849436,8389381
4471674,2,1923,12,1,0,0,0,0,0,1988,2,NA,NA
4330665,2,1922,9,1,0,0,0,0,0,1988,12,NA,NA
9582190,2,1936,9,1,0,0,0,0,0,2002,11,NA,NA
4715178,2,1948,8,1,0,0,0,0,0,2024,9,3388367,3209794
5172296,2,1935,7,0,1,0,0,0,0,1994,10,NA,NA
6432874,2,1963,11,0,0,0,1,0,0,2023,3,6456042,4651100
5444396,2,1932,4,1,0,0,0,0,0,1999,10,NA,NA
6738751,2,1926,12,1,0,0,0,0,0,2005,8,NA,NA
4766531,2,1931,9,1,0,0,0,0,0,2003,1,NA,NA
7398831,2,1941,1,1,0,0,0,0,0,2015,3,921405,6499419
9257901,1,1940,8,0,0,0,1,0,0,2012,3,1612858,2047198
6394541,2,1951,9,1,0,0,0,0,0,2018,2,9842946,3278661
9730283,1,1953,9,1,0,0,0,0,0,2032,1,6784286,5329851
2113476,2,1947,7,0,1,0,0,0,0,2035,1,1610989,9940045
9564635,1,1977,11,1,0,0,1,0,0,2046,9,9074314,2891509
221450,2,1936,5,1,0,0,0,0,0,2003,9,NA,NA
6366241,2,2002,9,1,0,0,0,0,0,2075,7,6371630,314414
4652847,2,1931,7,1,1,0,0,0,0,2006,8,NA,NA
3729171,1,1945,10,1,1,0,0,0,0,2015,8,8796414,5083643
7969914,2,1995,12,1,0,0,0,0,0,2074,8,4805170,8243337
7400174,1,1940,12,1,0,0,0,0,0,2012,5,1612858,1283690
8474718,2,1998,7,1,0,0,0,0,0,2076,6,5036044,314414
2992316,1,1950,10,1,0,0,0,0,0,2039,9,1940796,6570021
5797748,1,1953,6,1,1,0,0,0,0,2019,11,643341,7459176
1420592,2,1932,1,0,0,0,1,0,0,2001,5,NA,NA
5571452,1,1937,11,0,0,0,1,0,0,1955,11,NA,NA
7984329,1,1961,8,0,1,0,0,0,0,2027,10,5172296,5250082
950092,2,1962,3,1,0,1,0,0,0,2025,2,8792224,9526223
2343036,2,1921,10,0,0,0,1,0,0,1991,5,NA,NA
8489110,2,1923,2,0,0,0,1,0,0,1983,5,NA,NA
6597987,2,1927,7,1,0,0,0,0,0,1983,9,NA,NA
5754030,1,1952,5,1,0,0,0,0,0,2022,10,1677615,4976625
921405,2,1923,1,0,0,0,1,0,0,1986,12,NA,NA
659091,1,1935,7,0,0,0,1,0,0,1994,10,NA,NA
1610989,2,1922,7,1,0,0,0,0,0,1988,6,NA,NA
8767087,2,1971,6,1,0,0,0,0,0,2036,6,8855787,8015298
9633103,2,1948,5,1,0,0,0,0,0,2017,1,9464808,1959406
3568575,2,1920,3,1,0,0,0,0,0,1978,6,NA,NA
7117715,1,1952,12,1,0,0,1,0,0,2030,5,2369945,2859331
8467297,1,1974,3,1,0,0,0,0,0,2040,6,5707190,2129662
5003088,2,1936,11,0,1,0,0,0,0,2018,7,NA,NA
5377154,1,1952,3,1,0,0,0,0,0,1973,2,4852410,513294
2129662,1,1948,2,1,0,0,0,0,0,2018,4,1610989,4534131
9972651,1,1969,3,1,1,0,0,0,0,2040,7,1186120,405782
3621259,1,1944,12,1,0,0,0,0,0,2031,5,3097768,8241105
4073054,2,2000,4,0,0,0,1,0,0,2063,3,877075,2155706
7053483,1,1949,9,1,0,0,0,0,0,1962,7,8740650,2620496
934797,1,1942,12,1,0,0,0,0,0,2026,3,4330665,1934200
9956043,1,1971,4,0,0,1,0,0,0,2029,6,2479745,3699897
6019211,1,1947,8,0,1,0,0,0,0,2012,12,1612858,5020231
8473553,2,1920,8,0,0,0,1,0,0,1984,10,NA,NA
9512110,2,1946,4,1,0,0,0,0,0,2011,5,6459456,1591634
8497891,2,1970,5,1,0,0,0,0,0,2035,10,9262309,5191238
7915916,1,1929,6,1,0,0,0,0,0,2010,6,NA,NA
7947625,1,1949,6,1,1,0,0,0,0,1956,1,9193527,3029233
7421236,1,1972,8,1,0,0,0,0,0,2033,10,4884487,2375181
1745135,2,1943,2,1,0,0,0,0,0,2014,9,3097768,9940045
9262309,2,1949,7,1,0,0,0,0,0,2009,5,9954099,5800304
5219058,1,1922,9,0,0,0,1,0,0,1994,4,NA,NA
3943981,2,1946,4,0,0,1,0,0,0,2009,7,2056540,4534131
8058584,1,1962,6,0,0,1,0,0,0,2026,9,4766531,1453626
9901118,2,1993,4,1,0,0,0,0,0,2037,11,950092,9764020
8582021,2,1925,4,1,1,0,0,0,0,1988,6,NA,NA
2788619,2,1938,6,0,0,0,1,0,0,1995,4,9644224,5555489
3833985,1,1969,1,1,0,0,0,0,0,2032,4,3906882,8328422
9377772,1,1920,5,1,0,0,0,0,0,1991,6,NA,NA
3721379,1,1920,7,0,0,0,0,0,1,1993,7,NA,NA
2877656,2,1947,2,1,0,0,0,0,0,2009,8,1610989,4332098
3745836,2,1972,10,1,0,0,0,0,0,2030,5,9867634,7219275
6807118,1,1971,7,1,0,0,0,0,0,2047,10,7422386,4912064
971540,1,1951,10,1,0,0,0,0,0,2023,7,9983383,2403089
3699897,1,1939,9,0,0,0,1,0,0,2017,12,6630923,1343304
6948953,1,1951,7,1,0,0,0,0,0,2020,10,4748034,4534131
9290575,1,1960,11,1,0,0,0,0,0,2030,8,1186120,5599161
4659558,1,1935,7,0,0,0,1,0,0,1970,10,NA,NA
4138253,2,1930,12,1,0,0,0,0,0,2018,1,NA,NA
1216770,2,1947,4,1,0,0,0,0,0,2015,11,8869305,2697475
7889616,1,1980,9,1,0,0,0,0,0,2041,6,4819759,1670663
2545656,1,1945,2,1,0,0,0,0,0,2020,8,3417911,2859331
7621735,1,1994,11,0,1,0,0,0,0,2080,9,4005543,2963019
630579,2,1926,1,0,0,0,1,0,0,1982,7,NA,NA
2238678,1,1929,4,1,0,0,0,0,0,2008,4,NA,NA
7483402,1,1941,2,1,0,0,0,0,0,1968,11,2343036,6499419
1934200,3,1922,4,1,0,0,0,0,0,1990,11,NA,NA
8152928,1,1962,1,0,0,0,1,0,0,2030,10,4860320,3021286
2987655,2,1952,8,1,0,0,0,0,0,1974,9,1201303,848556
599944,2,1961,11,0,0,1,0,0,0,2044,6,9591015,117012
6456042,2,1935,9,0,0,1,0,0,0,2014,5,NA,NA
666329,2,1978,2,0,0,1,0,0,0,2050,8,636630,5541840
6864752,1,1954,4,0,1,0,0,0,0,2028,5,1934200,1187627
5642635,2,2011,10,1,0,0,0,0,0,2066,8,3504056,2106433
357992,2,1981,7,1,0,0,0,0,0,2030,4,6119325,4330447
594661,1,1983,8,1,0,0,0,0,0,2047,10,1366556,791987
6480336,3,1986,6,0,0,0,1,0,0,2055,1,8931766,149840
935493,1,1994,10,1,0,0,0,0,0,2066,5,8307324,7454585
4819759,2,1952,4,1,0,0,0,0,0,2015,6,4325013,2697475
8855787,2,1946,10,1,0,0,0,0,0,2023,12,3288065,6857998
8594647,1,1925,7,1,0,0,0,0,0,1998,6,NA,NA
919476,2,1976,11,1,0,0,0,0,0,2048,6,88416,8611197
8908412,1,1952,1,0,0,1,0,0,0,2032,10,9649286,2697475
8384792,2,1993,5,0,0,1,0,0,0,2062,10,4983057,5391420
7732605,1,1982,11,1,0,0,0,0,0,2051,7,5707190,7884858
2921971,1,1931,8,1,0,0,0,0,0,1991,7,NA,NA
9043816,2,2005,8,0,0,1,0,0,0,2033,8,2335899,6807118
9764020,1,1975,4,0,0,0,1,0,0,2038,7,9757512,9571314
1685960,2,1920,7,1,0,0,0,0,0,1993,6,NA,NA
6988226,1,1930,8,0,0,0,0,1,0,1991,6,NA,NA
1534763,2,1963,9,1,0,0,1,0,0,2039,10,4893154,4174536
4227130,2,1946,8,0,0,1,0,0,0,2021,1,3684245,3209794
4057261,1,1949,1,1,0,0,0,0,0,2008,9,1677615,9690085
9867634,2,1949,8,0,1,0,0,0,0,2002,2,2369945,2047198
3599033,1,2011,6,1,0,0,0,0,0,2086,4,3179541,2705192
7923699,2,1949,4,1,0,0,0,0,0,2019,11,1268067,990423
6171439,2,1977,9,1,0,0,0,0,0,2050,5,8796668,7198964
1253036,1,1945,8,1,0,0,0,0,0,2015,11,3097768,848556
7499152,2,1933,7,1,1,0,0,0,0,1993,7,NA,NA
3962955,1,1939,7,0,1,0,0,0,0,2004,4,467955,5800304
314414,1,1972,5,0,0,0,1,0,0,2049,11,7387933,7048795
8685499,1,1969,5,1,0,0,0,0,0,1984,1,6465916,5984960
4005543,2,1959,12,1,0,0,0,0,0,2013,2,4652847,7853063
8097221,1,2004,9,0,0,0,0,0,1,2090,11,5282175,4539645
6254884,1,1928,2,0,0,1,1,0,0,2000,1,NA,NA
5434451,2,1947,10,1,0,0,0,0,0,2018,11,3427822,6244578
9074314,2,1946,6,1,0,0,0,0,0,2024,9,6689949,647932
1854014,2,1969,7,1,1,0,0,0,0,2042,11,6465916,1224096
1656920,1,1924,11,0,0,0,1,0,0,2000,6,NA,NA
1807250,2,1960,8,1,0,0,0,0,0,2035,1,215469,8798414
4545853,2,1927,1,1,0,0,0,0,0,1996,10,NA,NA
7789918,2,1936,9,1,0,0,0,0,0,2006,1,NA,NA
200995,2,1923,2,1,0,0,0,0,0,2001,8,NA,NA
1396658,1,1958,12,1,0,0,1,0,0,2028,12,5082369,2328109
375774,2,1938,1,1,0,0,0,0,0,2007,6,3388367,5800304
3734182,1,1945,11,1,0,0,0,0,0,1963,11,3388367,5398985
4784840,2,1960,12,1,0,0,0,0,0,2031,5,7192419,2921971
5994404,2,1962,7,1,0,0,0,0,0,2034,5,3861411,3012095
91921,2,1996,8,1,0,0,1,0,0,2061,5,5439556,914891
1222589,2,1958,3,0,0,0,1,0,0,2028,9,3097768,212797
2155706,1,1979,12,1,0,0,0,0,0,2045,1,1307431,4570151
8556296,2,1952,4,0,0,0,1,0,0,2008,2,1268067,6244578
3971998,1,1942,12,0,1,0,0,0,0,2013,10,511772,1934200
4188483,1,1940,1,1,0,0,0,0,0,2018,4,6652462,1040827
848556,1,1925,10,0,1,0,0,0,0,1989,11,NA,NA
6225248,1,1961,5,1,0,0,1,0,0,1994,8,2072724,8798414
286299,2,1966,5,0,1,0,0,0,0,2031,1,5553343,9591861
3684245,2,1925,6,1,0,0,0,0,0,1970,5,NA,NA
2383642,2,1985,7,0,1,0,0,0,0,2053,11,9105662,9378511
7713687,1,1920,8,1,0,0,0,1,0,1985,9,NA,NA
8930156,1,1986,10,1,0,0,0,0,0,2064,4,4832533,6259797
6833613,1,1944,11,1,0,0,0,0,0,1976,3,1677615,8310924
9898440,2,1990,1,0,1,0,0,0,0,2051,6,6766886,3276379
4089888,2,1965,1,1,0,0,0,0,0,2033,4,4227130,4976625
7886146,1,1965,9,0,1,0,0,0,0,1986,8,1186120,9649902
902384,2,1930,8,1,0,0,0,0,0,2007,6,NA,NA
3075953,1,1940,4,0,0,0,0,0,1,2008,11,467955,7459176
3097768,2,1921,8,1,0,0,0,0,0,1974,4,NA,NA
5895472,2,1974,3,1,0,0,0,0,0,2047,5,4222058,8151291
5091883,1,1961,1,1,0,0,0,0,0,2028,6,2527482,890113
4627526,1,1922,6,1,0,0,0,0,0,1986,6,NA,NA
3861411,2,1933,7,1,0,0,0,0,0,2005,8,NA,NA
2886556,1,1970,9,1,0,0,0,0,0,2048,2,9074314,3940671
3005104,2,1938,8,0,0,1,0,0,0,2015,9,3568575,9377772
8254492,1,1944,4,0,0,0,1,0,0,2013,6,1677615,1040827
7613456,1,2000,10,1,0,0,0,0,0,2076,2,1036767,4091103
9676867,2,1962,6,1,0,0,0,0,0,2026,5,2365728,4581165
7542030,1,2007,7,0,1,0,0,0,0,2067,8,2293073,2522009
8866034,1,1933,10,0,0,0,1,0,0,2014,2,NA,NA
6332792,2,1965,12,1,0,0,0,0,0,2045,1,660141,1897240
2138528,2,1969,5,1,0,0,0,0,0,2033,8,3906882,780420
5282175,2,1974,7,1,0,0,0,0,0,2054,5,88416,7721796
6634727,2,1966,1,1,0,0,0,0,0,2040,3,3861411,9319952
595968,1,1937,11,1,0,0,0,0,0,2019,3,NA,NA
109375,1,1959,2,0,1,0,0,0,0,2029,3,8987511,8577026
8790965,1,2009,4,1,0,0,0,0,0,2015,1,4692239,6480336
2627684,1,1922,9,1,0,0,0,0,0,1993,1,NA,NA
679467,1,1958,5,1,0,0,0,0,0,2030,1,1059834,4037681
7430769,2,1989,3,0,1,0,0,0,0,2069,4,4840397,7285864
493931,2,1921,2,1,0,0,0,0,0,1976,5,NA,NA
4762889,2,1941,10,1,0,0,0,0,0,1945,8,7218042,1283690
3962958,2,1937,10,0,0,1,0,0,0,1997,4,NA,NA
6894216,2,1966,5,0,0,0,0,1,0,2032,11,9175170,4915602
3661280,1,1961,6,1,0,0,0,0,0,1969,10,6411892,6857998
3393708,1,1962,8,1,0,0,0,0,0,2024,11,9438170,4915602
8328422,1,1933,7,1,0,0,0,0,0,2011,8,NA,NA
2175174,1,1960,2,1,0,0,0,0,0,2032,4,9954099,8015298
28382,2,1959,8,1,0,0,0,0,0,2026,10,9193527,2238678
6243177,2,1982,5,1,0,0,1,0,0,2047,11,9105662,6785152
6775602,2,1932,8,1,0,0,0,0,0,2003,8,NA,NA
5248066,2,1988,8,1,0,0,0,0,0,2036,6,9105662,7234303
1274870,1,1961,4,0,0,1,0,0,0,2041,10,2479745,5616781
9512134,1,1971,5,1,0,0,0,0,0,2061,11,3805202,822064
7735283,3,1983,11,1,0,0,0,0,0,2063,6,599944,9591861
6044398,1,1980,10,1,0,0,0,0,0,2014,3,7543250,2022317
4469039,1,1937,9,1,0,0,0,0,0,1989,10,NA,NA
4386697,1,2009,3,0,0,1,0,0,0,2078,5,4332004,5614026
2314177,1,1954,7,1,0,0,0,0,0,2022,1,233517,3721379
1812890,1,1966,1,1,0,0,0,0,0,2046,10,9849436,4651100
6244578,1,1928,9,0,0,0,1,0,0,1966,9,NA,NA
8987511,2,1926,4,1,0,0,0,0,0,1998,9,NA,NA
6925953,2,1930,5,1,0,0,0,0,0,1970,9,NA,NA
1810613,2,1955,3,0,0,1,0,0,0,2031,1,1201303,5832575
1343304,1,1921,7,1,0,0,0,0,0,1988,2,NA,NA
6608215,1,1965,5,1,0,0,0,0,0,2041,1,3511698,572082
9571314,1,1955,8,1,0,0,0,0,0,2014,3,7841729,7049490
3417911,2,1926,9,0,0,1,0,0,0,1991,8,NA,NA
4478197,2,1947,10,1,0,0,0,0,0,2014,9,1155142,9319807
4912064,1,1935,12,0,1,0,0,0,0,2004,11,NA,NA
4222058,2,1942,1,0,0,1,0,0,0,2003,11,1934200,5800304
2963019,1,1958,7,0,1,0,0,0,0,2011,5,5082369,7634556
791987,1,1962,3,1,0,0,0,0,0,2026,4,3444642,1092647
8119679,2,1984,3,0,0,0,1,0,0,2050,2,9517226,2842132
6293576,1,2007,3,1,0,0,0,0,0,2073,5,4332004,4462681
7347563,2,1961,9,1,0,0,0,0,1,1998,10,8062990,1591634
4432591,1,1956,5,1,0,0,0,0,0,2023,2,7789918,1231700
2805531,1,1939,9,1,0,0,0,0,0,2006,12,1612858,7713687
666733,1,1930,1,1,0,0,0,0,0,1993,11,NA,NA
5560276,2,1933,9,0,1,0,0,0,0,2008,11,NA,NA
7666990,2,1934,3,0,0,0,1,0,0,1996,12,NA,NA
74928,2,1938,4,1,0,0,0,0,0,2012,5,4327948,1040827
3803360,1,1922,5,1,0,0,0,0,0,2000,7,NA,NA
1307431,2,1946,11,1,0,0,0,0,0,2024,2,7192419,1187627
2256685,1,1924,8,1,0,0,0,0,0,1989,4,NA,NA
5461174,2,1925,9,1,0,0,0,0,0,2004,10,NA,NA
6271427,1,1942,11,1,0,0,0,0,0,1996,9,511772,2047198
2375181,1,1937,2,1,0,0,0,0,0,2009,5,NA,NA
3819795,1,1936,11,0,0,0,1,0,0,2022,3,NA,NA
1992377,1,1932,9,1,0,0,0,0,0,2007,9,NA,NA
5553343,2,1932,1,1,0,0,0,0,0,2003,2,NA,NA
9121463,2,1989,10,1,0,0,0,0,0,2004,5,9637705,5541840
6338252,3,2018,8,1,0,0,0,0,0,2088,10,2519466,1119183
7243513,1,1990,8,1,0,0,0,0,0,1992,9,5263379,6451303
1450205,1,1990,9,1,0,0,0,0,0,2068,6,1810613,679467
1289679,1,1973,2,1,0,0,0,0,0,2050,7,8931766,9571314
654118,2,1938,8,0,1,0,0,0,0,2020,8,6652462,5083643
8974718,1,1944,3,0,1,0,0,0,0,2001,3,1685960,2047198
4886986,1,1998,5,0,1,0,0,0,0,2066,9,5263379,6070605
1071015,1,1990,4,1,0,0,0,0,0,2051,12,8995521,5541840
4091103,3,1964,9,1,0,0,0,0,0,2032,2,7147327,5003179
1452488,1,1989,2,0,0,0,0,0,1,2056,2,9637705,1148775
1092647,1,1934,12,1,0,0,1,0,0,2012,8,NA,NA
5658006,1,1922,6,0,1,0,0,0,0,1992,9,NA,NA
1462207,2,1933,7,0,1,0,0,0,0,1994,5,NA,NA
991201,3,1989,4,1,0,0,0,0,0,2049,12,6432874,9378511
9170136,1,1951,8,0,0,1,0,0,0,2012,1,1498110,3029233
7700675,2,1949,5,1,0,0,0,0,0,2014,1,4578805,3511290
3528422,2,1974,11,1,0,0,1,0,0,2052,6,1810613,1471356
8797773,1,1968,3,0,0,0,1,0,0,2035,10,2365728,7721796
140184,2,1986,9,1,0,0,0,0,0,2057,5,1032146,109375
9640031,2,1984,9,1,0,0,0,0,0,2046,6,4715178,6505982
1224096,1,1947,11,0,0,0,1,0,0,2019,3,8693462,1343304
8611197,1,1946,10,1,0,0,0,0,0,2004,8,4545853,5555489
8862423,1,1945,10,1,0,0,0,0,0,2015,9,6738751,9940045
9339708,1,1963,6,1,0,0,0,0,0,2043,6,9591015,595968
7604814,1,1926,4,1,0,1,0,0,0,1989,11,NA,NA
2758362,2,1959,9,1,0,0,0,0,0,2031,2,3962958,4037681
8312424,2,1977,8,1,0,0,0,0,0,2031,8,3977334,1219589
1563321,1,1935,12,1,0,0,0,0,0,2009,4,NA,NA
6398983,2,1957,1,1,0,0,0,0,0,2033,2,7939078,6499419
4506302,2,1948,10,0,0,0,1,0,0,2026,9,8889498,1934200
3977334,2,1958,8,0,0,0,0,0,1,2032,11,7365690,6931789
780420,1,1936,10,1,0,0,1,0,0,2023,6,NA,NA
2328109,1,1933,1,0,1,0,0,0,0,2005,1,NA,NA
9319807,1,1928,8,1,0,0,0,0,0,1998,1,NA,NA
8869305,2,1927,2,1,0,0,0,0,0,1993,2,NA,NA
2976990,1,1989,3,1,0,0,0,0,0,2058,11,7347563,5466041
2726825,2,1961,7,0,1,0,0,0,0,2035,11,4766531,7935922
5218506,1,2000,8,0,0,1,0,0,0,2075,10,6243177,1289679
1283690,1,1922,9,1,0,0,0,0,0,1990,10,NA,NA
692884,2,1989,10,0,0,0,1,0,0,2041,7,3331715,3802860
88416,2,1954,11,1,0,0,0,0,0,2024,6,8740650,1092647
6785152,1,1948,10,0,0,0,1,0,0,2023,12,4138253,8027526
5544065,1,1959,3,1,0,0,0,0,0,2016,11,233517,5617745
1743409,1,1932,2,1,0,0,0,0,0,2004,12,NA,NA
2670495,2,1985,5,0,0,0,1,0,0,1995,1,4485160,7294337
2032031,2,1956,9,1,0,0,0,0,0,2025,1,4860320,8873826
5466041,1,1962,6,1,0,0,0,0,0,2024,3,3861411,4659558
205514,2,1985,2,1,0,0,0,0,0,2055,10,7154189,109375
5614026,1,1978,2,1,0,0,0,0,0,2053,6,9175170,5797748
2291585,1,2010,7,0,1,0,0,0,0,2080,8,5008913,224170
149840,1,1959,8,0,0,1,0,0,0,2037,3,1661262,2256685
4675500,2,1960,12,1,0,0,0,0,0,2037,10,3417911,7935922
2051650,1,1951,8,0,1,0,1,0,0,2032,3,8473553,5219058
1919228,1,1926,1,1,0,0,0,0,0,1989,6,NA,NA
2871670,1,1960,8,1,0,0,0,0,0,1986,3,9464808,5599161
4274831,1,1970,8,1,0,0,0,0,0,2050,5,7731066,1123757
6715448,2,1976,9,0,0,0,1,0,0,2045,8,5434451,8254492
1123757,1,1933,2,1,0,0,0,0,0,2002,2,NA,NA
3316693,1,1959,3,1,0,0,0,0,0,1961,11,1934200,4859807
7302290,2,1960,9,1,0,0,0,0,0,2028,4,6738751,9319952
3021286,1,1933,7,0,0,1,0,0,0,2001,10,NA,NA
6292559,2,1973,11,0,0,0,1,0,0,2039,8,1745135,9014911
7577231,1,1931,3,1,0,0,0,0,0,1943,7,NA,NA
4840397,2,1963,11,1,0,0,0,0,0,2037,11,7666990,7219275
8798414,1,1930,6,1,0,0,0,0,0,2006,1,NA,NA
1053067,1,1951,11,1,0,0,0,0,0,2032,3,1268067,8966966
9319952,1,1934,11,0,1,0,0,0,0,1996,10,NA,NA
3180980,1,1999,1,0,0,1,0,0,0,2070,1,666329,3583490
9753345,1,1998,8,1,0,0,0,0,0,2079,3,4694564,2557311
761932,1,1939,12,0,0,0,1,0,0,2004,12,1564575,1187627
1712294,2,1954,8,1,0,0,0,0,0,2031,10,7324564,6570021
1219589,1,1945,7,0,0,1,0,0,0,2002,10,1498110,7834797
1545479,1,1928,6,0,0,0,1,0,0,1982,4,NA,NA
2583828,2,1944,3,1,0,0,0,0,0,2009,11,467955,2047198
5555489,1,1920,2,1,0,0,0,0,0,1983,8,NA,NA
9818181,1,1958,2,1,0,0,0,0,0,2034,2,1619431,4174536
7629626,2,1933,4,1,0,0,0,0,0,2000,4,NA,NA
9900680,2,1968,10,0,0,0,1,0,0,2030,2,4506302,6833613
6454472,1,1938,9,1,0,0,0,0,0,2006,4,9644224,5083643
