"snz_uid","pos_applied_date","pos_ceased_date","pos_day_span_nbr","pos_first_arrival_ind","pos_last_departure_ind","pos_source_code"
2072724,2000-07-03,2000-07-22,19,"n","n","cus"
8657962,2000-09-04,2000-09-11,7,"n","n","cus"
4073054,2000-11-04,2000-11-16,12,"n","n","cus"
9262309,2000-02-19,2000-02-22,3,"n","n","dia"
3588329,2001-05-24,2001-06-11,18,"n","n","dia"
9262309,2001-01-28,2001-02-15,18,"n","n","dia"
5219058,2001-07-03,2001-07-08,5,"n","n","cus"
4057261,2001-04-14,2001-05-02,18,"n","n","dia"
3478534,2002-07-10,2002-07-28,18,"n","n","cus"
2130204,2002-09-10,2002-09-21,11,"n","n","cus"
8763628,2002-02-24,2002-03-06,10,"n","n","cus"
3691110,2002-08-20,2002-08-27,7,"n","n","cus"
679467,2002-11-18,2002-12-04,16,"n","n","dia"
402957,2003-04-26,2003-04-30,4,"n","n","cus"
2533671,2003-02-21,2003-02-28,7,"n","n","cus"
6652462,2003-03-14,2003-03-22,8,"n","n","dol"
1071015,2003-11-18,2003-12-05,17,"n","n","cus"
4651100,2004-08-20,2004-08-30,10,"n","n","cus"
8326680,2004-02-13,2004-03-07,23,"n","n","dia"
6226337,2004-09-10,2004-09-16,6,"n","n","dia"
4089888,2004-02-01,2004-02-23,22,"n","n","dia"
679467,2004-12-08,2004-12-14,6,"n","n","cus"
5519789,2005-10-08,2005-10-28,20,"n","n","cus"
9477552,2005-06-09,2005-06-29,20,"n","n","cus"
6019211,2005-06-03,2005-06-11,8,"n","n","cus"
7398831,2006-05-26,2006-06-04,9,"n","n","cus"
2314177,2006-01-10,2006-01-26,16,"n","n","dia"
5377154,2007-08-27,2007-09-12,16,"n","n","dia"
6988226,2007-12-28,2008-01-09,12,"n","n","cus"
7634556,2008-04-04,2008-04-19,15,"n","n","dia"
3133527,2008-01-16,2008-01-19,3,"n","n","dia"
8866034,2008-10-17,2008-11-03,17,"n","n","cus"
5077684,2009-03-07,2009-03-18,11,"n","n","cus"
1661424,2009-02-19,2009-02-28,9,"n","n","cus"
8029625,2009-01-23,2009-02-02,10,"n","n","cus"
6066658,2009-07-03,2009-07-21,18,"n","n","dia"
7139105,2009-04-20,2009-05-02,12,"n","n","cus"
4037681,2009-01-17,2009-01-31,14,"n","n","cus"
1343304,2009-07-14,2009-07-23,9,"n","n","cus"
2915759,2010-09-10,2010-10-01,21,"n","n","cus"
1992377,2010-05-12,2010-05-30,18,"n","n","cus"
8102126,2011-05-02,2011-05-16,14,"n","n","cus"
825451,2011-04-13,2011-05-06,23,"n","n","cus"
8693462,2011-12-22,2011-12-30,8,"n","n","cus"
1807250,2011-06-14,2011-07-05,21,"n","n","cus"
6398983,2011-02-09,2011-03-03,22,"n","n","cus"
7057515,2012-08-21,2012-09-08,18,"n","n","cus"
7285864,2012-02-02,2012-02-13,11,"n","n","dia"
1271058,2012-03-16,2012-03-29,13,"n","n","cus"
8409277,2012-11-28,2012-12-13,15,"n","n","cus"
2175174,2012-01-08,2012-01-22,14,"n","n","dia"
3803360,2012-07-23,2012-08-14,22,"n","n","cus"
6344796,2013-03-23,2013-04-13,21,"n","n","cus"
2532688,2013-01-25,2013-02-10,16,"n","n","cus"
8243337,2013-01-07,2013-01-28,21,"n","n","cus"
6258515,2013-10-16,2013-11-03,18,"n","n","dia"
1919228,2013-09-26,2013-10-04,8,"n","n","dia"
7841848,2014-03-01,2014-03-04,3,"n","n","dia"
1718338,2014-12-05,2014-12-25,20,"n","n","cus"
4627526,2014-08-08,2014-08-13,5,"n","n","cus"
5263379,2015-02-22,2015-02-27,5,"n","n","dia"
1119183,2015-11-02,2015-11-08,6,"n","n","cus"
709794,2015-03-26,2015-03-31,5,"n","n","cus"
5091883,2015-06-09,2015-06-24,15,"n","n","dol"
8062990,2016-03-25,2016-04-16,22,"n","n","dia"
3657904,2016-09-18,2016-10-06,18,"n","n","dol"
2244352,2016-10-13,2016-10-26,13,"n","n","dia"
759174,2016-12-20,2016-12-24,4,"n","n","cus"
5191238,2017-07-22,2017-08-04,13,"n","n","dia"
1366556,2017-04-15,2017-05-04,19,"n","n","cus"
825451,2017-09-01,2017-09-21,20,"n","n","cus"
1706796,2017-03-03,2017-03-26,23,"n","n","cus"
8767087,2017-10-19,2017-10-30,11,"n","n","cus"
1343304,2017-09-21,2017-10-11,20,"n","n","cus"
2766794,2018-08-13,2018-08-20,7,"n","n","dia"
4037681,2018-07-07,2018-07-13,6,"n","n","dia"
1148775,2019-09-21,2019-10-05,14,"n","n","dia"
5466041,2019-08-01,2019-08-06,5,"n","n","cus"
6931789,2020-02-16,2020-02-19,3,"n","n","cus"
1785917,2020-08-03,2020-08-11,8,"n","n","dia"
6689949,2020-06-26,2020-07-05,9,"n","n","cus"
2842132,2020-08-22,2020-09-13,22,"n","n","cus"
782404,2020-04-13,2020-04-25,12,"n","n","cus"
5994404,2020-09-18,2020-09-30,12,"n","n","cus"
91921,2015-04-23,9999-12-31,2916348,"n","y","dia"
121566,2010-07-29,9999-12-31,2918077,"n","y","dol"
122954,2005-10-13,9999-12-31,2919827,"n","y","dia"
140184,2005-12-11,9999-12-31,2919768,"n","y","cus"
215469,2016-05-26,9999-12-31,2915949,"n","y","dia"
402957,2009-03-28,9999-12-31,2918565,"n","y","cus"
511772,2007-06-03,9999-12-31,2919229,"n","y","dia"
670069,2008-06-15,9999-12-31,2918851,"n","y","dia"
877075,2007-12-20,9999-12-31,2919029,"n","y","dia"
890113,2009-07-16,9999-12-31,2918455,"n","y","dol"
902655,2005-05-31,9999-12-31,2919962,"n","y","dia"
935493,2001-12-26,9999-12-31,2921214,"n","y","cus"
1068035,2006-11-29,9999-12-31,2919415,"n","y","dia"
1301044,2008-07-27,9999-12-31,2918809,"n","y","cus"
1599678,2005-05-23,9999-12-31,2919970,"n","y","dia"
1679951,2008-03-20,9999-12-31,2918938,"n","y","cus"
2044051,2002-07-26,9999-12-31,2921002,"n","y","cus"
2051650,2010-05-16,9999-12-31,2918151,"n","y","cus"
2318822,2000-08-18,9999-12-31,2921709,"n","y","cus"
2350363,2010-01-23,9999-12-31,2918264,"n","y","cus"
2377699,2020-01-14,9999-12-31,2914621,"n","y","dia"
2627684,2018-04-22,9999-12-31,2915253,"n","y","dia"
2697475,2003-10-18,9999-12-31,2920553,"n","y","dol"
2898283,2004-09-30,9999-12-31,2920205,"n","y","dia"
2915759,2010-07-10,9999-12-31,2918096,"n","y","cus"
2976700,2018-05-17,9999-12-31,2915228,"n","y","cus"
2992316,2003-09-23,9999-12-31,2920578,"n","y","dia"
3179541,2017-12-20,9999-12-31,2915376,"n","y","cus"
3504056,2019-07-03,9999-12-31,2914816,"n","y","dia"
3583490,2005-02-03,9999-12-31,2920079,"n","y","cus"
3691110,2010-08-29,9999-12-31,2918046,"n","y","cus"
3729171,2011-01-09,9999-12-31,2917913,"n","y","dia"
3734182,2007-02-01,9999-12-31,2919351,"n","y","cus"
3919030,2016-03-26,9999-12-31,2916010,"n","y","dia"
4067629,2012-10-21,9999-12-31,2917262,"n","y","cus"
4227130,2020-03-27,9999-12-31,2914548,"n","y","dia"
4585169,2013-01-07,9999-12-31,2917184,"n","y","cus"
4692239,2009-04-18,9999-12-31,2918544,"n","y","cus"
4762889,2017-12-16,9999-12-31,2915380,"n","y","cus"
4819759,2020-04-14,9999-12-31,2914530,"n","y","cus"
5036044,2019-12-15,9999-12-31,2914651,"n","y","cus"
5073391,2012-06-10,9999-12-31,2917395,"n","y","dia"
5272423,2012-12-31,9999-12-31,2917191,"n","y","cus"
5444396,2020-04-10,9999-12-31,2914534,"n","y","dia"
5519789,2008-07-29,9999-12-31,2918807,"n","y","cus"
5691563,2012-12-19,9999-12-31,2917203,"n","y","cus"
5832575,2006-02-02,9999-12-31,2919715,"n","y","cus"
5985848,2012-08-03,9999-12-31,2917341,"n","y","dol"
6255938,2010-01-17,9999-12-31,2918270,"n","y","cus"
6394541,2014-01-21,9999-12-31,2916805,"n","y","cus"
6454472,2004-02-29,9999-12-31,2920419,"n","y","dia"
6465916,2011-08-05,9999-12-31,2917705,"n","y","dol"
6608215,2009-05-20,9999-12-31,2918512,"n","y","cus"
6632588,2013-05-17,9999-12-31,2917054,"n","y","cus"
7150313,2009-01-14,9999-12-31,2918638,"n","y","dia"
7604814,2019-08-30,9999-12-31,2914758,"n","y","cus"
7721796,2005-02-25,9999-12-31,2920057,"n","y","cus"
7935922,2014-10-23,9999-12-31,2916530,"n","y","dia"
7947625,2014-07-15,9999-12-31,2916630,"n","y","dia"
7984329,2011-04-26,9999-12-31,2917806,"n","y","dia"
8151291,2006-01-31,9999-12-31,2919717,"n","y","dia"
8223317,2016-09-23,9999-12-31,2915829,"n","y","dia"
8790405,2017-07-27,9999-12-31,2915522,"n","y","cus"
8908412,2009-03-31,9999-12-31,2918562,"n","y","dia"
8974718,2013-06-21,9999-12-31,2917019,"n","y","dia"
9036752,2010-08-23,9999-12-31,2918052,"n","y","dia"
9171714,2014-11-13,9999-12-31,2916509,"n","y","cus"
9204533,2013-08-02,9999-12-31,2916977,"n","y","dia"
9242240,2008-02-11,9999-12-31,2918976,"n","y","cus"
9290575,2012-04-27,9999-12-31,2917439,"n","y","dia"
9456675,2010-03-10,9999-12-31,2918218,"n","y","cus"
9502218,2020-03-22,9999-12-31,2914553,"n","y","cus"
9591015,2006-08-30,9999-12-31,2919506,"n","y","dia"
24325,1900-01-01,2015-07-19,42202,"y","n","dia"
37643,1900-01-01,2008-09-06,39695,"y","n","cus"
76761,1900-01-01,2008-09-04,39693,"y","n","dol"
88416,1900-01-01,2001-10-06,37168,"y","n","dia"
88416,2001-11-03,2017-04-10,5637,"n","n","cus"
117012,1900-01-01,2010-03-26,40261,"y","n","cus"
200995,1900-01-01,2002-12-19,37607,"y","n","cus"
200995,2003-03-28,2007-02-09,1414,"n","n","cus"
205514,1900-01-01,2001-06-04,37044,"y","n","dia"
205514,2001-08-22,2013-04-07,4246,"n","n","dia"
205514,2013-04-27,2017-02-08,1383,"n","n","cus"
209008,1900-01-01,2019-06-22,43636,"y","n","dia"
233517,1900-01-01,2002-08-21,37487,"y","n","cus"
345923,1900-01-01,2001-01-14,36903,"y","n","cus"
345923,2001-06-19,2005-05-14,1425,"n","n","dia"
359098,1900-01-01,2000-12-26,36884,"y","n","cus"
375774,1900-01-01,2015-11-27,42333,"y","n","cus"
402412,1900-01-01,2010-03-09,40244,"y","n","dia"
405782,1900-01-01,2015-02-16,42049,"y","n","cus"
428871,1900-01-01,2011-07-04,40726,"y","n","cus"
467955,1900-01-01,2014-07-15,41833,"y","n","cus"
467955,2014-12-06,2016-06-22,564,"n","n","cus"
595968,1900-01-01,2013-05-23,41415,"y","n","cus"
598828,1900-01-01,2005-10-25,38648,"y","n","dia"
598828,2006-03-05,2009-06-16,1199,"n","n","cus"
598828,2009-09-04,2020-06-27,3949,"n","n","dia"
599944,1900-01-01,2002-12-01,37589,"y","n","dia"
599944,2003-04-15,2003-02-08,-66,"n","n","cus"
599944,2003-06-19,2019-09-22,5939,"n","n","cus"
630579,1900-01-01,2000-01-21,36544,"y","n","cus"
636630,1900-01-01,2015-01-12,42014,"y","n","dia"
636630,2015-02-12,2019-03-22,1499,"n","n","dia"
654118,1900-01-01,2011-04-09,40640,"y","n","cus"
658747,1900-01-01,2010-02-13,40220,"y","n","dia"
658747,2010-04-13,2019-01-01,3185,"n","n","cus"
659091,1900-01-01,2005-11-23,38677,"y","n","cus"
659091,2006-02-07,2018-06-21,4517,"n","n","cus"
666329,1900-01-01,2009-03-03,39873,"y","n","dia"
666733,1900-01-01,2017-08-28,42973,"y","n","cus"
690505,1900-01-01,2009-11-06,40121,"y","n","dia"
692884,1900-01-01,2004-06-13,38149,"y","n","dia"
692884,2004-10-03,2008-03-11,1255,"n","n","dol"
692884,2008-06-26,2013-07-19,1849,"n","n","dia"
692884,2013-12-11,2017-03-19,1194,"n","n","cus"
697980,1900-01-01,2009-10-02,40086,"y","n","dia"
705567,1900-01-01,2010-02-03,40210,"y","n","cus"
705567,2010-02-26,2018-12-04,3203,"n","n","cus"
780420,1900-01-01,2004-07-12,38178,"y","n","dia"
780420,2004-08-08,2010-02-06,2008,"n","n","cus"
780420,2010-04-26,2015-06-19,1880,"n","n","dia"
780420,2015-08-11,2016-05-14,277,"n","n","cus"
780420,2016-08-09,2017-06-19,314,"n","n","dia"
914891,1900-01-01,2011-01-24,40565,"y","n","dol"
919476,1900-01-01,2007-12-03,39417,"y","n","cus"
934797,1900-01-01,2000-01-18,36541,"y","n","dol"
934797,2000-05-22,2009-09-27,3415,"n","n","dia"
948918,1900-01-01,2016-01-05,42372,"y","n","cus"
950092,1900-01-01,2007-10-08,39361,"y","n","cus"
971540,1900-01-01,2003-05-22,37761,"y","n","cus"
974589,1900-01-01,2003-05-12,37751,"y","n","dia"
974589,2003-05-30,2014-02-24,3923,"n","n","cus"
990423,1900-01-01,2012-07-09,41097,"y","n","cus"
991201,1900-01-01,2002-07-22,37457,"y","n","cus"
991201,2002-10-26,2010-02-24,2678,"n","n","dol"
1036767,1900-01-01,2010-06-09,40336,"y","n","cus"
1050173,1900-01-01,2015-12-25,42361,"y","n","cus"
1050173,2016-01-07,2017-12-02,695,"n","n","cus"
1059834,1900-01-01,2012-10-12,41192,"y","n","cus"
1059834,2013-01-29,2017-05-22,1574,"n","n","cus"
1101226,1900-01-01,2006-07-20,38916,"y","n","cus"
1155142,1900-01-01,2002-03-04,37317,"y","n","dia"
1155142,2002-06-09,2005-09-02,1181,"n","n","dia"
1155142,2006-01-29,2006-06-21,143,"n","n","dol"
1201303,1900-01-01,2017-10-24,43030,"y","n","dia"
1201303,2017-11-08,2018-02-02,86,"n","n","dia"
1216770,1900-01-01,2020-07-05,44015,"y","n","cus"
1231700,1900-01-01,2005-01-14,38364,"y","n","dia"
1253036,1900-01-01,2004-10-11,38269,"y","n","dia"
1268067,1900-01-01,2002-10-22,37549,"y","n","cus"
1274870,1900-01-01,2001-09-15,37147,"y","n","dol"
1283690,1900-01-01,2001-06-09,37049,"y","n","dia"
1283690,2001-09-09,2007-04-09,2038,"n","n","cus"
1289679,1900-01-01,2008-08-14,39672,"y","n","dia"
1289679,2008-10-26,2016-07-15,2819,"n","n","cus"
1343636,1900-01-01,2005-04-13,38453,"y","n","dia"
1343636,2005-08-11,2011-01-08,1976,"n","n","dol"
1343636,2011-02-24,2015-07-13,1600,"n","n","cus"
1343636,2015-10-27,2020-06-23,1701,"n","n","cus"
1408989,1900-01-01,2005-12-21,38705,"y","n","cus"
1408989,2006-02-27,2011-01-22,1790,"n","n","dia"
1429697,1900-01-01,2007-06-14,39245,"y","n","cus"
1438908,1900-01-01,2012-12-14,41255,"y","n","cus"
1452488,1900-01-01,2006-01-05,38720,"y","n","cus"
1462589,1900-01-01,2001-11-28,37221,"y","n","cus"
1462589,2002-03-07,2016-08-19,5279,"n","n","cus"
1462589,2017-01-27,2020-05-13,1202,"n","n","cus"
1482050,1900-01-01,2002-08-02,37468,"y","n","cus"
1482050,2002-08-19,2007-06-15,1761,"n","n","dol"
1494709,1900-01-01,2006-01-14,38729,"y","n","cus"
1498110,1900-01-01,2009-10-28,40112,"y","n","dia"
1528506,1900-01-01,2013-01-19,41291,"y","n","cus"
1534763,1900-01-01,2015-08-21,42235,"y","n","dol"
1534763,2016-01-28,2016-08-01,186,"n","n","cus"
1539092,1900-01-01,2019-04-01,43554,"y","n","cus"
1543779,1900-01-01,2020-03-09,43897,"y","n","cus"
1545479,1900-01-01,2002-06-27,37432,"y","n","dia"
1545479,2002-09-24,2009-09-19,2552,"n","n","cus"
1545479,2009-11-10,2018-02-07,3011,"n","n","dia"
1545479,2018-05-18,2019-03-21,307,"n","n","cus"
1557608,1900-01-01,2009-01-15,39826,"y","n","cus"
1563321,1900-01-01,2015-06-26,42179,"y","n","cus"
1564575,1900-01-01,2009-10-21,40105,"y","n","cus"
1564575,2009-10-28,2011-08-15,656,"n","n","dia"
1564575,2011-10-05,2014-04-11,919,"n","n","cus"
1594049,1900-01-01,2010-10-10,40459,"y","n","cus"
1639038,1900-01-01,2001-08-23,37124,"y","n","dia"
1639038,2001-09-05,2014-07-25,4706,"n","n","dol"
1656492,1900-01-01,2005-11-15,38669,"y","n","cus"
1656492,2005-12-06,2013-12-28,2944,"n","n","dia"
1743409,1900-01-01,2003-06-02,37772,"y","n","cus"
1745135,1900-01-01,2000-09-27,36794,"y","n","cus"
1897240,1900-01-01,2000-03-24,36607,"y","n","dia"
1897240,2000-08-09,2014-06-23,5066,"n","n","cus"
1911045,1900-01-01,2014-06-09,41797,"y","n","dia"
1911045,2014-09-25,2020-06-22,2097,"n","n","cus"
1994829,1900-01-01,2010-09-16,40435,"y","n","dia"
1994829,2011-01-29,2011-06-19,141,"n","n","cus"
2015797,1900-01-01,2001-08-01,37102,"y","n","cus"
2015797,2001-08-24,2017-04-13,5711,"n","n","cus"
2017439,1900-01-01,2007-11-16,39400,"y","n","dia"
2022317,1900-01-01,2008-05-11,39577,"y","n","dia"
2022317,2008-06-11,2018-01-17,3507,"n","n","dia"
2032031,1900-01-01,2014-09-26,41906,"y","n","cus"
2056540,1900-01-01,2000-04-09,36623,"y","n","dol"
2056540,2000-07-13,2005-06-19,1802,"n","n","cus"
2130204,2004-08-25,2014-12-02,3751,"n","n","cus"
2138528,1900-01-01,2009-07-07,39999,"y","n","cus"
2204672,1900-01-01,2001-09-23,37155,"y","n","dia"
2204672,2001-10-07,2005-01-28,1209,"n","n","dia"
2236713,1900-01-01,2006-05-03,38838,"y","n","dia"
2236713,2006-09-29,2015-04-14,3119,"n","n","dia"
2236713,2015-05-24,2019-05-02,1439,"n","n","dia"
2237963,1900-01-01,2003-12-19,37972,"y","n","dia"
2256900,1900-01-01,2008-10-24,39743,"y","n","cus"
2256900,2009-03-02,2018-01-22,3248,"n","n","cus"
2293073,1900-01-01,2011-01-18,40559,"y","n","cus"
2293073,2011-04-08,2017-04-05,2189,"n","n","cus"
2343036,1900-01-01,2001-09-04,37136,"y","n","cus"
2346512,1900-01-01,2005-05-05,38475,"y","n","cus"
2346512,2005-05-13,2008-09-06,1212,"n","n","cus"
2346512,2008-12-23,2014-09-04,2081,"n","n","dia"
2346512,2015-01-26,2015-12-01,309,"n","n","dia"
2406929,1900-01-01,2012-03-15,40981,"y","n","dia"
2527482,1900-01-01,2001-06-10,37050,"y","n","cus"
2557311,1900-01-01,2001-03-10,36958,"y","n","cus"
2583828,1900-01-01,2007-06-07,39238,"y","n","cus"
2583828,2007-10-07,2019-10-15,4391,"n","n","dia"
2670495,1900-01-01,2010-01-13,40189,"y","n","cus"
2747294,1900-01-01,2013-11-07,41583,"y","n","cus"
2747294,2014-02-11,2015-01-17,340,"n","n","cus"
2782536,1900-01-01,2007-02-06,39117,"y","n","cus"
2788619,1900-01-01,2001-07-24,37094,"y","n","dia"
2788619,2001-09-28,2010-10-15,3304,"n","n","cus"
2788619,2010-10-19,2018-12-20,2984,"n","n","dia"
2788619,2019-03-08,2019-08-12,157,"n","n","dia"
2805531,1900-01-01,2005-06-23,38524,"y","n","dol"
2819007,1900-01-01,2002-03-24,37337,"y","n","cus"
2819007,2002-07-23,2009-09-13,2609,"n","n","cus"
2854986,1900-01-01,2020-11-10,44143,"y","n","cus"
2859331,1900-01-01,2000-11-07,36835,"y","n","dia"
2871670,1900-01-01,2007-11-10,39394,"y","n","cus"
2877656,1900-01-01,2016-04-20,42478,"y","n","cus"
2886556,1900-01-01,2016-07-05,42554,"y","n","cus"
2901394,1900-01-01,2018-10-07,43378,"y","n","cus"
2905995,1900-01-01,2000-10-11,36808,"y","n","cus"
2905995,2001-01-20,2004-02-08,1114,"n","n","cus"
2905995,2004-05-24,2010-08-15,2274,"n","n","dol"
2905995,2010-11-07,2012-11-05,729,"n","n","cus"
2921971,1900-01-01,2001-11-17,37210,"y","n","dia"
2921971,2002-01-24,2003-04-11,442,"n","n","dol"
2921971,2003-04-21,2005-05-05,745,"n","n","cus"
2963019,1900-01-01,2011-10-19,40833,"y","n","dia"
2976367,1900-01-01,2017-07-06,42920,"y","n","dia"
2976990,1900-01-01,2000-03-24,36607,"y","n","dia"
2976990,2000-07-20,2001-09-27,434,"n","n","cus"
2976990,2002-03-08,2005-05-13,1162,"n","n","cus"
2976990,2005-09-19,2007-10-20,761,"n","n","cus"
2992534,1900-01-01,2000-10-14,36811,"y","n","dia"
2996267,1900-01-01,2006-11-08,39027,"y","n","cus"
3029233,1900-01-01,2004-04-27,38102,"y","n","cus"
3058229,1900-01-01,2014-12-14,41985,"y","n","cus"
3075953,1900-01-01,2020-02-22,43881,"y","n","cus"
3114465,1900-01-01,2018-02-16,43145,"y","n","dol"
3121894,1900-01-01,2002-06-02,37407,"y","n","cus"
3121894,2002-10-16,2014-11-26,4424,"n","n","dia"
3145253,1900-01-01,2006-10-23,39011,"y","n","cus"
3145253,2006-12-30,2010-11-28,1429,"n","n","cus"
3163576,1900-01-01,2008-12-10,39790,"y","n","dia"
3209794,1900-01-01,2014-09-23,41903,"y","n","cus"
3278661,1900-01-01,2005-12-13,38697,"y","n","cus"
3278661,2006-03-23,2019-02-18,4715,"n","n","cus"
3331715,1900-01-01,2019-09-08,43714,"y","n","dia"
3333886,1900-01-01,2007-11-18,39402,"y","n","cus"
3380266,1900-01-01,2020-02-13,43872,"y","n","dia"
3393708,1900-01-01,2019-08-23,43698,"y","n","cus"
3427822,1900-01-01,2016-10-13,42654,"y","n","cus"
3456153,1900-01-01,2020-04-24,43943,"y","n","cus"
3490458,1900-01-01,2001-10-07,37169,"y","n","cus"
3490458,2002-01-17,2010-06-01,3057,"n","n","dol"
3511698,1900-01-01,2010-02-24,40231,"y","n","cus"
3520568,1900-01-01,2008-05-07,39573,"y","n","cus"
3568575,1900-01-01,2019-05-18,43601,"y","n","dia"
3568575,2019-08-06,2020-04-16,254,"n","n","dia"
3599949,1900-01-01,2009-05-25,39956,"y","n","cus"
3599949,2009-09-26,2010-04-01,187,"n","n","cus"
3599949,2010-09-07,2019-10-09,3319,"n","n","cus"
3618169,1900-01-01,2009-12-24,40169,"y","n","cus"
3618169,2010-02-09,2010-11-04,268,"n","n","cus"
3618169,2010-12-29,2012-03-08,435,"n","n","cus"
3621259,1900-01-01,2001-11-23,37216,"y","n","dia"
3621259,2002-01-09,2002-12-04,329,"n","n","cus"
3621259,2003-04-01,2020-10-10,6402,"n","n","dia"
3676716,1900-01-01,2009-10-05,40089,"y","n","dol"
3676716,2010-02-09,2017-03-20,2596,"n","n","dia"
3802860,1900-01-01,2008-02-28,39504,"y","n","dia"
3802860,2008-06-28,2011-09-02,1161,"n","n","dia"
3802860,2011-09-23,2018-01-13,2304,"n","n","cus"
3897249,1900-01-01,2016-07-10,42559,"y","n","cus"
3940671,1900-01-01,2004-02-03,38018,"y","n","dia"
3962955,1900-01-01,2006-03-21,38795,"y","n","dia"
3962955,2006-05-12,2009-04-09,1063,"n","n","cus"
3962955,2009-06-16,2013-01-15,1309,"n","n","dol"
3971998,1900-01-01,2010-12-05,40515,"y","n","dia"
4017168,1900-01-01,2001-06-05,37045,"y","n","cus"
4017168,2001-11-06,2006-08-25,1753,"n","n","cus"
4017168,2006-12-06,2007-10-01,299,"n","n","cus"
4017168,2007-10-30,2018-01-09,3724,"n","n","cus"
4051750,1900-01-01,2012-12-22,41263,"y","n","cus"
4051750,2013-03-06,2019-10-13,2412,"n","n","dol"
4188483,1900-01-01,2015-12-04,42340,"y","n","cus"
4192597,1900-01-01,2012-05-19,41046,"y","n","cus"
4222058,1900-01-01,2002-09-02,37499,"y","n","dia"
4222058,2003-01-01,2011-06-16,3088,"n","n","cus"
4222058,2011-08-06,2012-09-03,394,"n","n","cus"
4222058,2012-12-06,2020-10-10,2865,"n","n","cus"
4227113,1900-01-01,2005-09-21,38614,"y","n","cus"
4227113,2006-01-31,2020-10-23,5379,"n","n","cus"
4248108,1900-01-01,2011-10-20,40834,"y","n","cus"
4250874,1900-01-01,2009-07-16,40008,"y","n","dia"
4250874,2009-08-08,2014-09-28,1877,"n","n","dia"
4327948,1900-01-01,2004-05-18,38123,"y","n","cus"
4330447,1900-01-01,2001-10-20,37182,"y","n","cus"
4330447,2001-12-10,2003-06-05,542,"n","n","cus"
4330958,1900-01-01,2012-10-27,41207,"y","n","dia"
4330958,2013-01-11,2019-03-22,2261,"n","n","dia"
4386697,1900-01-01,2013-05-01,41393,"y","n","dia"
4395687,1900-01-01,2000-07-08,36713,"y","n","dia"
4395687,2000-08-09,2004-01-18,1257,"n","n","cus"
4395687,2004-05-18,2012-10-11,3068,"n","n","cus"
4450214,1900-01-01,2001-07-09,37079,"y","n","cus"
4457550,1900-01-01,2019-10-08,43744,"y","n","dia"
4462346,1900-01-01,2005-05-05,38475,"y","n","dol"
4462346,2005-09-08,2008-07-12,1038,"n","n","cus"
4462346,2008-12-18,2015-09-26,2473,"n","n","cus"
4462763,1900-01-01,2018-02-28,43157,"y","n","cus"
4469039,1900-01-01,2017-11-22,43059,"y","n","dia"
4506302,1900-01-01,2008-02-17,39493,"y","n","cus"
4539645,1900-01-01,2010-01-25,40201,"y","n","cus"
4539645,2010-05-16,2014-10-24,1622,"n","n","dia"
4570151,1900-01-01,2005-02-12,38393,"y","n","cus"
4578805,1900-01-01,2008-08-02,39660,"y","n","cus"
4578805,2008-12-08,2009-01-02,25,"n","n","cus"
4581505,1900-01-01,2003-10-22,37914,"y","n","cus"
4581505,2004-01-18,2007-08-03,1293,"n","n","cus"
4581505,2007-11-30,2016-07-26,3161,"n","n","dia"
4629658,1900-01-01,2003-04-27,37736,"y","n","cus"
4629658,2003-09-10,2011-07-17,2867,"n","n","dol"
4659558,1900-01-01,2013-08-17,41501,"y","n","cus"
4659558,2013-09-01,2016-07-07,1040,"n","n","cus"
4675500,1900-01-01,2005-02-08,38389,"y","n","cus"
4683496,1900-01-01,2004-09-05,38233,"y","n","dia"
4683496,2005-01-31,2006-08-14,560,"n","n","cus"
4683496,2006-12-24,2011-01-25,1493,"n","n","cus"
4683496,2011-03-19,2012-04-18,396,"n","n","dia"
4683496,2012-08-30,2018-11-13,2266,"n","n","cus"
4692093,1900-01-01,2004-11-28,38317,"y","n","dia"
4694564,1900-01-01,2011-12-16,40891,"y","n","dia"
4705618,1900-01-01,2016-12-01,42703,"y","n","cus"
4783481,1900-01-01,2002-07-04,37439,"y","n","dia"
4783481,2002-10-30,2008-05-08,2017,"n","n","dia"
4783481,2008-05-23,2013-01-13,1696,"n","n","cus"
4784840,1900-01-01,2014-11-10,41951,"y","n","dia"
4886986,1900-01-01,2007-12-06,39420,"y","n","cus"
4886986,2008-04-25,2018-12-24,3895,"n","n","cus"
4928988,1900-01-01,2003-04-21,37730,"y","n","cus"
4928988,2003-06-27,2014-09-16,4099,"n","n","cus"
4976625,1900-01-01,2014-06-26,41814,"y","n","dia"
4976625,2014-09-24,2019-11-26,1889,"n","n","cus"
5003088,1900-01-01,2012-01-25,40931,"y","n","cus"
5003088,2012-03-31,2018-11-08,2413,"n","n","dia"
5044356,1900-01-01,2000-04-22,36636,"y","n","cus"
5082369,1900-01-01,2002-07-07,37442,"y","n","cus"
5165626,1900-01-01,2009-08-25,40048,"y","n","cus"
5398985,1900-01-01,2004-10-07,38265,"y","n","cus"
5398985,2004-12-06,2010-08-24,2087,"n","n","cus"
5414683,1900-01-01,2001-05-09,37018,"y","n","dia"
5502574,1900-01-01,2008-03-27,39532,"y","n","cus"
5555489,1900-01-01,2001-05-05,37014,"y","n","cus"
5555489,2001-08-04,2002-07-07,337,"n","n","cus"
5571452,1900-01-01,2001-10-23,37185,"y","n","dol"
5571452,2001-12-30,2015-02-13,4793,"n","n","dia"
5614026,1900-01-01,2008-04-23,39559,"y","n","dia"
5614026,2008-06-13,2010-09-22,831,"n","n","cus"
5636271,1900-01-01,2012-09-06,41156,"y","n","cus"
5642635,1900-01-01,2012-05-10,41037,"y","n","cus"
5646008,1900-01-01,2003-05-01,37740,"y","n","cus"
5754030,1900-01-01,2013-10-02,41547,"y","n","dia"
5764611,1900-01-01,2007-10-05,39358,"y","n","cus"
5800304,1900-01-01,2003-10-16,37908,"y","n","dia"
5886581,1900-01-01,2010-11-13,40493,"y","n","cus"
6044398,1900-01-01,2012-01-24,40930,"y","n","dia"
6139035,1900-01-01,2015-12-14,42350,"y","n","cus"
6139035,2016-02-21,2020-04-27,1527,"n","n","dia"
6190191,1900-01-01,2001-05-26,37035,"y","n","cus"
6190191,2001-10-16,2009-03-04,2696,"n","n","cus"
6190191,2009-04-09,2013-01-27,1389,"n","n","cus"
6225248,1900-01-01,2015-11-23,42329,"y","n","cus"
6254884,1900-01-01,2002-04-11,37355,"y","n","dia"
6292559,1900-01-01,2001-05-04,37013,"y","n","cus"
6292559,2001-06-16,2008-10-21,2684,"n","n","cus"
6293576,1900-01-01,2009-05-23,39954,"y","n","dia"
6332792,1900-01-01,2018-01-11,43109,"y","n","cus"
6411892,1900-01-01,2013-05-18,41410,"y","n","dol"
6411892,2013-08-07,2019-09-13,2228,"n","n","cus"
6432874,1900-01-01,2005-09-12,38605,"y","n","cus"
6634727,1900-01-01,2001-04-18,36997,"y","n","cus"
6634846,1900-01-01,2000-12-16,36874,"y","n","dol"
6634846,2001-02-16,2019-02-10,6568,"n","n","cus"
6639259,1900-01-01,2001-09-09,37141,"y","n","cus"
6639259,2001-10-07,2007-05-20,2051,"n","n","cus"
6643793,1900-01-01,2000-06-03,36678,"y","n","cus"
6725103,1900-01-01,2020-05-08,43957,"y","n","cus"
6766886,1900-01-01,2005-07-04,38535,"y","n","cus"
6775602,1900-01-01,2017-01-24,42757,"y","n","cus"
6785152,1900-01-01,2009-03-12,39882,"y","n","cus"
6807118,1900-01-01,2014-06-22,41810,"y","n","cus"
6807118,2014-07-06,2020-02-19,2054,"n","n","dol"
6833613,1900-01-01,2002-11-15,37573,"y","n","dia"
6833613,2003-03-30,2015-11-21,4619,"n","n","dia"
6894216,1900-01-01,2005-05-15,38485,"y","n","dia"
6894216,2005-07-06,2006-01-10,188,"n","n","dia"
6894216,2006-03-10,2020-12-14,5393,"n","n","cus"
6895986,2003-04-01,2010-01-04,2470,"n","n","cus"
6934490,1900-01-01,2007-09-18,39341,"y","n","dia"
6961130,1900-01-01,2007-10-27,39380,"y","n","cus"
6961130,2008-02-08,2008-10-12,247,"n","n","cus"
7062928,2005-05-11,2006-12-25,593,"n","n","cus"
7117715,1900-01-01,2006-03-13,38787,"y","n","cus"
7117715,2006-05-26,2012-10-13,2332,"n","n","cus"
7198964,1900-01-01,2012-05-24,41051,"y","n","dol"
7300188,1900-01-01,2010-04-24,40290,"y","n","cus"
7300188,2010-06-02,2020-07-16,3697,"n","n","cus"
7302290,1900-01-01,2004-11-23,38312,"y","n","cus"
7347563,1900-01-01,2009-01-24,39835,"y","n","dia"
7387933,1900-01-01,2009-12-17,40162,"y","n","dia"
7478256,1900-01-01,2001-02-05,36925,"y","n","dia"
7478256,2001-04-07,2017-09-26,6016,"n","n","dia"
7481965,1900-01-01,2003-05-09,37748,"y","n","cus"
7525121,1900-01-01,2006-12-08,39057,"y","n","cus"
7543250,1900-01-01,2015-06-02,42155,"y","n","cus"
7570024,1900-01-01,2011-12-03,40878,"y","n","dia"
7570024,2012-04-11,2018-09-17,2350,"n","n","dia"
7604122,1900-01-01,2005-08-04,38566,"y","n","cus"
7621735,1900-01-01,2002-08-15,37481,"y","n","cus"
7621735,2002-10-13,2014-11-01,4402,"n","n","dol"
7621735,2014-11-19,2018-01-02,1140,"n","n","dia"
7700675,1900-01-01,2016-01-01,42368,"y","n","dia"
7700675,2016-01-08,2017-10-22,653,"n","n","cus"
7710613,1900-01-01,2009-12-01,40146,"y","n","cus"
7732605,1900-01-01,2010-01-22,40198,"y","n","cus"
7732605,2010-03-30,2018-09-02,3078,"n","n","cus"
7732605,2018-12-18,2019-11-16,333,"n","n","cus"
7853063,1900-01-01,2018-09-22,43363,"y","n","cus"
7873745,1900-01-01,2009-03-09,39879,"y","n","dol"
7886146,1900-01-01,2018-03-01,43158,"y","n","cus"
7889616,1900-01-01,2006-09-08,38966,"y","n","cus"
7909402,1900-01-01,2015-03-27,42088,"y","n","cus"
7915916,1900-01-01,2007-12-05,39419,"y","n","cus"
7923699,1900-01-01,2011-06-09,40701,"y","n","dia"
7938478,1900-01-01,2012-01-20,40926,"y","n","cus"
7946416,1900-01-01,2012-11-04,41215,"y","n","cus"
7946416,2013-01-25,2013-02-18,24,"n","n","cus"
7946416,2013-06-28,2020-05-24,2522,"n","n","cus"
7969914,1900-01-01,2001-07-25,37095,"y","n","cus"
7969914,2001-07-28,2009-10-12,2998,"n","n","cus"
8015298,1900-01-01,2000-02-25,36579,"y","n","cus"
8015298,2000-06-19,2019-03-04,6832,"n","n","cus"
8027526,1900-01-01,2004-11-05,38294,"y","n","cus"
8121011,1900-01-01,2020-08-26,44067,"y","n","dia"
8128398,1900-01-01,2001-04-07,36986,"y","n","cus"
8128398,2001-08-10,2011-09-23,3696,"n","n","cus"
8241105,1900-01-01,2009-01-27,39838,"y","n","cus"
8241105,2009-03-03,2017-03-24,2943,"n","n","dia"
8254492,1900-01-01,2008-05-17,39583,"y","n","cus"
8281612,1900-01-01,2000-10-05,36802,"y","n","dia"
8281612,2000-11-05,2018-07-27,6473,"n","n","cus"
8310924,1900-01-01,2000-10-04,36801,"y","n","cus"
8328422,1900-01-01,2003-11-19,37942,"y","n","dol"
8384792,1900-01-01,2003-01-26,37645,"y","n","cus"
8384792,2003-03-24,2008-04-09,1843,"n","n","dia"
8384792,2008-07-30,2013-09-12,1870,"n","n","dia"
8452461,1900-01-01,2018-07-09,43288,"y","n","dia"
8455408,1900-01-01,2007-12-26,39440,"y","n","dol"
8467297,1900-01-01,2009-10-18,40102,"y","n","cus"
8467297,2009-11-13,2014-06-11,1671,"n","n","dia"
8474718,1900-01-01,2007-02-23,39134,"y","n","cus"
8474718,2007-03-02,2015-08-26,3099,"n","n","dia"
8556296,1900-01-01,2017-12-01,43068,"y","n","dia"
8577026,1900-01-01,2012-06-15,41073,"y","n","cus"
8582021,1900-01-01,2012-11-11,41222,"y","n","cus"
8598553,1900-01-01,2016-09-20,42631,"y","n","dia"
8602201,1900-01-01,2005-08-24,38586,"y","n","dia"
8691048,1900-01-01,2017-04-12,42835,"y","n","cus"
8724650,1900-01-01,2000-10-04,36801,"y","n","dia"
8789912,1900-01-01,2001-04-19,36998,"y","n","dia"
8789912,2001-05-22,2009-12-22,3136,"n","n","dia"
8789912,2010-02-09,2011-11-17,646,"n","n","dia"
8789912,2012-02-24,2018-11-06,2447,"n","n","cus"
8796668,1900-01-01,2000-08-07,36743,"y","n","cus"
8797773,1900-01-01,2020-08-12,44053,"y","n","cus"
8798414,1900-01-01,2017-01-25,42758,"y","n","cus"
8847538,1900-01-01,2017-06-17,42901,"y","n","cus"
8862948,1900-01-01,2005-07-03,38534,"y","n","cus"
8862948,2005-09-04,2010-04-13,1682,"n","n","cus"
8873361,1900-01-01,2012-04-03,41000,"y","n","cus"
8873361,2012-04-24,2014-05-16,752,"n","n","dol"
8873826,1900-01-01,2012-07-27,41115,"y","n","cus"
8875362,1900-01-01,2004-12-27,38346,"y","n","cus"
8889498,1900-01-01,2009-03-04,39874,"y","n","cus"
8889498,2009-06-26,2013-08-22,1518,"n","n","cus"
8920784,1900-01-01,2001-06-12,37052,"y","n","dol"
8920784,2001-09-07,2017-05-13,5727,"n","n","cus"
8967042,1900-01-01,2009-12-21,40166,"y","n","dol"
9047716,1900-01-01,2010-05-26,40322,"y","n","cus"
9096590,1900-01-01,2008-07-21,39648,"y","n","dol"
9121463,1900-01-01,2017-08-25,42970,"y","n","dia"
9175170,1900-01-01,2001-02-18,36938,"y","n","cus"
9175170,2001-04-19,2002-11-26,586,"n","n","cus"
9175170,2002-12-08,2019-10-20,6160,"n","n","cus"
9293892,1900-01-01,2001-11-03,37196,"y","n","cus"
9315385,1900-01-01,2018-03-06,43163,"y","n","cus"
9345324,1900-01-01,2000-10-16,36813,"y","n","cus"
9345324,2001-01-10,2003-08-11,943,"n","n","cus"
9457476,1900-01-01,2016-11-01,42673,"y","n","cus"
9512134,1900-01-01,2014-01-25,41662,"y","n","dia"
9512134,2014-07-01,2019-04-09,1743,"n","n","cus"
9526223,1900-01-01,2019-06-15,43629,"y","n","cus"
9571314,1900-01-01,2012-11-10,41221,"y","n","dia"
9582190,1900-01-01,2012-06-08,41066,"y","n","cus"
9597488,1900-01-01,2005-01-05,38355,"y","n","dia"
9597488,2005-06-04,2013-03-06,2832,"n","n","dia"
9637705,1900-01-01,2016-09-22,42633,"y","n","cus"
9640031,1900-01-01,2002-07-27,37462,"y","n","cus"
9642430,1900-01-01,2000-06-27,36702,"y","n","cus"
9649286,1900-01-01,2002-04-09,37353,"y","n","dia"
9649902,1900-01-01,2013-10-19,41564,"y","n","dol"
9649902,2013-12-13,2014-04-26,134,"n","n","cus"
9692224,1900-01-01,2014-10-09,41919,"y","n","cus"
9730283,1900-01-01,2017-08-03,42948,"y","n","cus"
9753345,1900-01-01,2000-08-13,36749,"y","n","cus"
9796843,1900-01-01,2004-05-03,38108,"y","n","cus"
9796843,2004-06-29,2012-08-08,2962,"n","n","cus"
9818181,1900-01-01,2003-04-03,37712,"y","n","cus"
9818181,2003-08-25,2008-12-06,1930,"n","n","dia"
9842946,1900-01-01,2018-08-27,43337,"y","n","dia"
9849436,1900-01-01,2010-11-23,40503,"y","n","cus"
9898440,1900-01-01,2009-02-11,39853,"y","n","cus"
9900680,1900-01-01,2007-01-13,39093,"y","n","cus"
9900680,2007-03-27,2011-05-24,1519,"n","n","cus"
9954099,1900-01-01,2019-06-03,43617,"y","n","cus"
9972651,1900-01-01,2008-06-12,39609,"y","n","cus"
24325,2015-10-25,9999-12-31,2916163,"n","y","cus"
37643,2008-12-30,9999-12-31,2918653,"n","y","dol"
76761,2009-01-28,9999-12-31,2918624,"n","y","cus"
88416,2017-08-08,9999-12-31,2915510,"n","y","cus"
117012,2010-05-16,9999-12-31,2918151,"n","y","cus"
200995,2007-03-17,9999-12-31,2919307,"n","y","cus"
205514,2017-07-17,9999-12-31,2915532,"n","y","cus"
209008,2019-10-18,9999-12-31,2914709,"n","y","cus"
233517,2002-11-09,9999-12-31,2920896,"n","y","cus"
345923,2005-10-12,9999-12-31,2919828,"n","y","dia"
359098,2001-03-17,9999-12-31,2921498,"n","y","dol"
375774,2016-04-30,9999-12-31,2915975,"n","y","dia"
402412,2010-08-05,9999-12-31,2918070,"n","y","cus"
405782,2015-04-21,9999-12-31,2916350,"n","y","dia"
428871,2011-11-21,9999-12-31,2917597,"n","y","dia"
467955,2016-08-20,9999-12-31,2915863,"n","y","cus"
595968,2013-07-01,9999-12-31,2917009,"n","y","dia"
598828,2020-10-13,9999-12-31,2914348,"n","y","dia"
599944,2019-11-11,9999-12-31,2914685,"n","y","dia"
630579,2000-06-11,9999-12-31,2921777,"n","y","dia"
636630,2019-06-02,9999-12-31,2914847,"n","y","dia"
654118,2011-05-16,9999-12-31,2917786,"n","y","cus"
658747,2019-02-22,9999-12-31,2914947,"n","y","cus"
659091,2018-10-11,9999-12-31,2915081,"n","y","dia"
666329,2009-03-16,9999-12-31,2918577,"n","y","cus"
666733,2017-12-01,9999-12-31,2915395,"n","y","dia"
690505,2009-12-14,9999-12-31,2918304,"n","y","cus"
692884,2017-05-08,9999-12-31,2915602,"n","y","cus"
697980,2009-11-23,9999-12-31,2918325,"n","y","dol"
705567,2019-04-28,9999-12-31,2914882,"n","y","cus"
780420,2017-07-05,9999-12-31,2915544,"n","y","cus"
914891,2011-01-29,9999-12-31,2917893,"n","y","dia"
919476,2008-02-05,9999-12-31,2918982,"n","y","dia"
934797,2009-12-17,9999-12-31,2918301,"n","y","dia"
948918,2016-02-07,9999-12-31,2916058,"n","y","cus"
950092,2007-10-15,9999-12-31,2919095,"n","y","cus"
971540,2003-10-18,9999-12-31,2920553,"n","y","dia"
974589,2014-07-11,9999-12-31,2916634,"n","y","cus"
990423,2012-09-21,9999-12-31,2917292,"n","y","dia"
991201,2010-06-27,9999-12-31,2918109,"n","y","cus"
1036767,2010-07-31,9999-12-31,2918075,"n","y","cus"
1050173,2018-01-31,9999-12-31,2915334,"n","y","cus"
1059834,2017-10-29,9999-12-31,2915428,"n","y","cus"
1101226,2006-08-01,9999-12-31,2919535,"n","y","dia"
1155142,2006-11-04,9999-12-31,2919440,"n","y","dia"
1201303,2018-05-08,9999-12-31,2915237,"n","y","dia"
1216770,2020-07-25,9999-12-31,2914428,"n","y","cus"
1231700,2005-03-04,9999-12-31,2920050,"n","y","cus"
1253036,2004-11-16,9999-12-31,2920158,"n","y","cus"
1268067,2003-02-23,9999-12-31,2920790,"n","y","cus"
1274870,2002-01-10,9999-12-31,2921199,"n","y","cus"
1283690,2007-06-05,9999-12-31,2919227,"n","y","dia"
1289679,2016-09-15,9999-12-31,2915837,"n","y","dia"
1343636,2020-11-09,9999-12-31,2914321,"n","y","cus"
1408989,2011-04-28,9999-12-31,2917804,"n","y","cus"
1429697,2007-08-27,9999-12-31,2919144,"n","y","dia"
1438908,2013-04-18,9999-12-31,2917083,"n","y","cus"
1452488,2006-03-31,9999-12-31,2919658,"n","y","dia"
1462589,2020-10-22,9999-12-31,2914339,"n","y","dia"
1482050,2007-07-23,9999-12-31,2919179,"n","y","dol"
1494709,2006-03-07,9999-12-31,2919682,"n","y","dia"
1498110,2010-03-20,9999-12-31,2918208,"n","y","cus"
1528506,2013-05-02,9999-12-31,2917069,"n","y","cus"
1534763,2016-12-05,9999-12-31,2915756,"n","y","dia"
1539092,2019-07-07,9999-12-31,2914812,"n","y","dia"
1543779,2020-07-10,9999-12-31,2914443,"n","y","cus"
1545479,2019-04-24,9999-12-31,2914886,"n","y","cus"
1557608,2009-05-30,9999-12-31,2918502,"n","y","dol"
1563321,2015-09-29,9999-12-31,2916189,"n","y","dia"
1564575,2014-04-28,9999-12-31,2916708,"n","y","cus"
1594049,2011-03-07,9999-12-31,2917856,"n","y","cus"
1639038,2014-08-20,9999-12-31,2916594,"n","y","cus"
1656492,2014-03-14,9999-12-31,2916753,"n","y","cus"
1743409,2003-06-28,9999-12-31,2920665,"n","y","cus"
1745135,2000-10-08,9999-12-31,2921658,"n","y","cus"
1897240,2014-10-14,9999-12-31,2916539,"n","y","dol"
1911045,2020-08-30,9999-12-31,2914392,"n","y","dia"
1994829,2011-10-27,9999-12-31,2917622,"n","y","dia"
2015797,2017-09-18,9999-12-31,2915469,"n","y","dia"
2017439,2008-03-24,9999-12-31,2918934,"n","y","cus"
2022317,2018-06-15,9999-12-31,2915199,"n","y","dia"
2032031,2014-11-25,9999-12-31,2916497,"n","y","cus"
2056540,2005-09-10,9999-12-31,2919860,"n","y","cus"
2130204,2015-05-01,2015-09-05,127,"n","n","dia"
2138528,2009-07-19,9999-12-31,2918452,"n","y","cus"
2204672,2005-01-31,9999-12-31,2920082,"n","y","cus"
2236713,2019-06-30,9999-12-31,2914819,"n","y","cus"
2237963,2004-02-23,9999-12-31,2920425,"n","y","dia"
2256900,2018-04-17,9999-12-31,2915258,"n","y","dia"
2293073,2017-08-17,9999-12-31,2915501,"n","y","cus"
2343036,2002-01-31,9999-12-31,2921178,"n","y","cus"
2346512,2016-01-30,9999-12-31,2916066,"n","y","cus"
2406929,2012-03-23,9999-12-31,2917474,"n","y","dia"
2527482,2001-09-08,9999-12-31,2921323,"n","y","cus"
2557311,2001-07-31,9999-12-31,2921362,"n","y","cus"
2583828,2020-03-03,9999-12-31,2914572,"n","y","cus"
2670495,2010-02-11,9999-12-31,2918245,"n","y","cus"
2747294,2015-03-31,9999-12-31,2916371,"n","y","cus"
2782536,2007-07-11,9999-12-31,2919191,"n","y","cus"
2788619,2019-12-15,9999-12-31,2914651,"n","y","cus"
2805531,2005-09-04,9999-12-31,2919866,"n","y","dia"
2819007,2009-09-18,9999-12-31,2918391,"n","y","cus"
2854986,2020-11-28,9999-12-31,2914302,"n","y","cus"
2859331,2001-03-01,9999-12-31,2921514,"n","y","dia"
2871670,2008-03-24,9999-12-31,2918934,"n","y","cus"
2877656,2016-09-10,9999-12-31,2915842,"n","y","cus"
2886556,2016-09-30,9999-12-31,2915822,"n","y","dia"
2901394,2018-12-05,9999-12-31,2915026,"n","y","dol"
2905995,2013-01-30,9999-12-31,2917161,"n","y","cus"
2921971,2005-09-10,9999-12-31,2919860,"n","y","dol"
2963019,2011-11-06,9999-12-31,2917612,"n","y","dia"
2976367,2017-08-09,9999-12-31,2915509,"n","y","cus"
2976990,2007-11-17,9999-12-31,2919062,"n","y","cus"
2992534,2000-11-17,9999-12-31,2921618,"n","y","dia"
2996267,2007-02-12,9999-12-31,2919340,"n","y","cus"
3029233,2004-07-03,9999-12-31,2920294,"n","y","cus"
3058229,2015-05-01,9999-12-31,2916340,"n","y","cus"
3075953,2020-05-11,9999-12-31,2914503,"n","y","cus"
3114465,2018-04-07,9999-12-31,2915268,"n","y","cus"
3121894,2015-03-18,9999-12-31,2916384,"n","y","cus"
3145253,2010-12-25,9999-12-31,2917928,"n","y","cus"
3163576,2008-12-26,9999-12-31,2918657,"n","y","dia"
3209794,2014-12-23,9999-12-31,2916469,"n","y","dia"
3278661,2019-07-14,9999-12-31,2914805,"n","y","dia"
3331715,2019-10-22,9999-12-31,2914705,"n","y","cus"
3333886,2008-03-15,9999-12-31,2918943,"n","y","dia"
3380266,2020-07-03,9999-12-31,2914450,"n","y","dia"
3393708,2019-11-10,9999-12-31,2914686,"n","y","cus"
3427822,2017-01-26,9999-12-31,2915704,"n","y","dia"
3456153,2020-08-14,9999-12-31,2914408,"n","y","cus"
3490458,2010-07-13,9999-12-31,2918093,"n","y","cus"
3511698,2010-05-20,9999-12-31,2918147,"n","y","cus"
3520568,2008-08-29,9999-12-31,2918776,"n","y","dia"
3568575,2020-07-10,9999-12-31,2914443,"n","y","cus"
3599949,2020-02-26,9999-12-31,2914578,"n","y","dol"
3618169,2012-04-22,9999-12-31,2917444,"n","y","dia"
3621259,2021-01-07,9999-12-31,2914262,"n","y","dia"
3676716,2017-04-24,9999-12-31,2915616,"n","y","cus"
3802860,2018-06-13,9999-12-31,2915201,"n","y","cus"
3897249,2016-08-13,9999-12-31,2915870,"n","y","cus"
3940671,2004-04-25,9999-12-31,2920363,"n","y","cus"
3962955,2013-03-26,9999-12-31,2917106,"n","y","dol"
3971998,2011-04-08,9999-12-31,2917824,"n","y","dia"
4017168,2018-04-23,9999-12-31,2915252,"n","y","dia"
4051750,2019-12-18,9999-12-31,2914648,"n","y","cus"
4188483,2016-03-25,9999-12-31,2916011,"n","y","cus"
4192597,2012-08-09,9999-12-31,2917335,"n","y","cus"
4222058,2020-11-02,9999-12-31,2914328,"n","y","cus"
4227113,2021-01-25,9999-12-31,2914244,"n","y","cus"
4248108,2012-03-19,9999-12-31,2917478,"n","y","cus"
4250874,2015-03-06,9999-12-31,2916396,"n","y","dia"
4327948,2004-07-05,9999-12-31,2920292,"n","y","cus"
4330447,2003-09-11,9999-12-31,2920590,"n","y","dia"
4330958,2019-08-30,9999-12-31,2914758,"n","y","cus"
4386697,2013-08-26,9999-12-31,2916953,"n","y","dia"
4395687,2012-10-23,9999-12-31,2917260,"n","y","cus"
4450214,2001-09-24,9999-12-31,2921307,"n","y","dia"
4457550,2019-12-16,9999-12-31,2914650,"n","y","dia"
4462346,2016-03-04,9999-12-31,2916032,"n","y","dia"
4462763,2018-05-27,9999-12-31,2915218,"n","y","cus"
4469039,2018-04-10,9999-12-31,2915265,"n","y","dia"
4506302,2008-06-21,9999-12-31,2918845,"n","y","dia"
4539645,2014-12-18,9999-12-31,2916474,"n","y","cus"
4570151,2005-06-05,9999-12-31,2919957,"n","y","cus"
4578805,2009-04-21,9999-12-31,2918541,"n","y","cus"
4581505,2016-09-29,9999-12-31,2915823,"n","y","dia"
4629658,2011-07-30,9999-12-31,2917711,"n","y","cus"
4659558,2016-07-21,9999-12-31,2915893,"n","y","dia"
4675500,2005-05-06,9999-12-31,2919987,"n","y","cus"
4683496,2019-03-07,9999-12-31,2914934,"n","y","cus"
4692093,2005-02-11,9999-12-31,2920071,"n","y","cus"
4694564,2012-04-09,9999-12-31,2917457,"n","y","dia"
4705618,2017-01-31,9999-12-31,2915699,"n","y","cus"
4783481,2013-05-01,9999-12-31,2917070,"n","y","dia"
4784840,2015-01-21,9999-12-31,2916440,"n","y","cus"
4886986,2019-02-10,9999-12-31,2914959,"n","y","dia"
4928988,2014-11-17,9999-12-31,2916505,"n","y","cus"
4976625,2020-03-13,9999-12-31,2914562,"n","y","dia"
5003088,2019-04-01,9999-12-31,2914909,"n","y","dia"
5044356,2000-06-13,9999-12-31,2921775,"n","y","cus"
5082369,2002-10-14,9999-12-31,2920922,"n","y","cus"
5165626,2009-09-26,9999-12-31,2918383,"n","y","cus"
5398985,2010-09-22,9999-12-31,2918022,"n","y","cus"
5414683,2001-07-13,9999-12-31,2921380,"n","y","cus"
5502574,2008-08-12,9999-12-31,2918793,"n","y","cus"
5555489,2002-08-31,9999-12-31,2920966,"n","y","dia"
5571452,2015-04-20,9999-12-31,2916351,"n","y","dia"
5614026,2011-01-25,9999-12-31,2917897,"n","y","dia"
5636271,2012-11-26,9999-12-31,2917226,"n","y","cus"
5642635,2012-10-16,9999-12-31,2917267,"n","y","dia"
5646008,2003-06-08,9999-12-31,2920685,"n","y","dia"
5754030,2014-03-05,9999-12-31,2916762,"n","y","dia"
5764611,2008-01-01,9999-12-31,2919017,"n","y","dia"
5800304,2004-01-06,9999-12-31,2920473,"n","y","cus"
5886581,2010-12-30,9999-12-31,2917923,"n","y","dia"
6044398,2012-05-28,9999-12-31,2917408,"n","y","cus"
6139035,2020-09-20,9999-12-31,2914371,"n","y","cus"
6190191,2013-05-03,9999-12-31,2917068,"n","y","dol"
6225248,2016-01-17,9999-12-31,2916079,"n","y","dia"
6254884,2002-07-17,9999-12-31,2921011,"n","y","dia"
6292559,2008-12-19,9999-12-31,2918664,"n","y","dol"
6293576,2009-09-12,9999-12-31,2918397,"n","y","cus"
6332792,2018-05-05,9999-12-31,2915240,"n","y","cus"
6411892,2020-02-12,9999-12-31,2914592,"n","y","cus"
6432874,2005-10-25,9999-12-31,2919815,"n","y","dia"
6634727,2001-07-26,9999-12-31,2921367,"n","y","dia"
6634846,2019-07-01,9999-12-31,2914818,"n","y","cus"
6639259,2007-08-23,9999-12-31,2919148,"n","y","cus"
6643793,2000-06-23,9999-12-31,2921765,"n","y","cus"
6725103,2020-08-27,9999-12-31,2914395,"n","y","cus"
6766886,2005-09-08,9999-12-31,2919862,"n","y","cus"
6775602,2017-04-21,9999-12-31,2915619,"n","y","cus"
6785152,2009-06-09,9999-12-31,2918492,"n","y","cus"
6807118,2020-04-11,9999-12-31,2914533,"n","y","cus"
6833613,2015-12-28,9999-12-31,2916099,"n","y","dia"
6894216,2021-02-18,9999-12-31,2914220,"n","y","cus"
6895986,2010-05-21,2017-02-24,2471,"n","n","cus"
6934490,2007-12-12,9999-12-31,2919037,"n","y","cus"
6961130,2009-03-20,9999-12-31,2918573,"n","y","cus"
7062928,2007-04-13,2011-02-03,1392,"n","n","cus"
7117715,2012-10-29,9999-12-31,2917254,"n","y","cus"
7198964,2012-09-17,9999-12-31,2917296,"n","y","cus"
7300188,2020-08-11,9999-12-31,2914411,"n","y","cus"
7302290,2004-12-04,9999-12-31,2920140,"n","y","dia"
7347563,2009-06-20,9999-12-31,2918481,"n","y","dia"
7387933,2010-02-12,9999-12-31,2918244,"n","y","dol"
7478256,2017-10-21,9999-12-31,2915436,"n","y","dia"
7481965,2003-06-10,9999-12-31,2920683,"n","y","cus"
7525121,2007-02-21,9999-12-31,2919331,"n","y","dia"
7543250,2015-10-10,9999-12-31,2916178,"n","y","dia"
7570024,2018-12-11,9999-12-31,2915020,"n","y","cus"
7604122,2005-10-19,9999-12-31,2919821,"n","y","cus"
7621735,2018-05-30,9999-12-31,2915215,"n","y","cus"
7700675,2018-03-18,9999-12-31,2915288,"n","y","cus"
7710613,2010-05-08,9999-12-31,2918159,"n","y","cus"
7732605,2019-12-24,9999-12-31,2914642,"n","y","dol"
7853063,2018-12-15,9999-12-31,2915016,"n","y","dol"
7873745,2009-07-25,9999-12-31,2918446,"n","y","cus"
7886146,2018-06-19,9999-12-31,2915195,"n","y","cus"
7889616,2006-12-07,9999-12-31,2919407,"n","y","dia"
7909402,2015-06-01,9999-12-31,2916309,"n","y","dia"
7915916,2008-03-16,9999-12-31,2918942,"n","y","dia"
7923699,2011-09-12,9999-12-31,2917667,"n","y","cus"
7938478,2012-01-30,9999-12-31,2917527,"n","y","cus"
7946416,2020-10-11,9999-12-31,2914350,"n","y","cus"
7969914,2010-01-13,9999-12-31,2918274,"n","y","dia"
8015298,2019-07-31,9999-12-31,2914788,"n","y","cus"
8027526,2005-02-16,9999-12-31,2920066,"n","y","cus"
8121011,2021-01-05,9999-12-31,2914264,"n","y","dol"
8128398,2012-01-26,9999-12-31,2917531,"n","y","dol"
8241105,2017-07-02,9999-12-31,2915547,"n","y","cus"
8254492,2008-05-22,9999-12-31,2918875,"n","y","dia"
8281612,2018-08-14,9999-12-31,2915139,"n","y","dia"
8310924,2001-02-03,9999-12-31,2921540,"n","y","dia"
8328422,2004-02-29,9999-12-31,2920419,"n","y","dia"
8384792,2013-09-19,9999-12-31,2916929,"n","y","cus"
8452461,2018-09-29,9999-12-31,2915093,"n","y","dol"
8455408,2008-04-06,9999-12-31,2918921,"n","y","dia"
8467297,2014-10-25,9999-12-31,2916528,"n","y","cus"
8474718,2015-12-17,9999-12-31,2916110,"n","y","cus"
8556296,2018-01-20,9999-12-31,2915345,"n","y","dol"
8577026,2012-07-10,9999-12-31,2917365,"n","y","dia"
8582021,2012-12-18,9999-12-31,2917204,"n","y","dia"
8598553,2016-11-15,9999-12-31,2915776,"n","y","dia"
8602201,2005-10-10,9999-12-31,2919830,"n","y","dia"
8691048,2017-05-18,9999-12-31,2915592,"n","y","cus"
8724650,2000-10-17,9999-12-31,2921649,"n","y","cus"
8789912,2018-11-11,9999-12-31,2915050,"n","y","dia"
8796668,2000-11-08,9999-12-31,2921627,"n","y","cus"
8797773,2020-08-15,9999-12-31,2914407,"n","y","cus"
8798414,2017-04-21,9999-12-31,2915619,"n","y","dia"
8847538,2017-07-09,9999-12-31,2915540,"n","y","cus"
8862948,2010-09-13,9999-12-31,2918031,"n","y","dia"
8873361,2014-08-06,9999-12-31,2916608,"n","y","dia"
8873826,2012-11-10,9999-12-31,2917242,"n","y","cus"
8875362,2005-06-02,9999-12-31,2919960,"n","y","cus"
8889498,2014-01-19,9999-12-31,2916807,"n","y","cus"
8920784,2017-07-10,9999-12-31,2915539,"n","y","cus"
8967042,2010-05-10,9999-12-31,2918157,"n","y","cus"
9047716,2010-10-06,9999-12-31,2918008,"n","y","cus"
9096590,2008-08-15,9999-12-31,2918790,"n","y","dol"
9121463,2017-09-23,9999-12-31,2915464,"n","y","cus"
9175170,2019-12-20,9999-12-31,2914646,"n","y","dia"
9293892,2002-04-05,9999-12-31,2921114,"n","y","dol"
9315385,2018-07-17,9999-12-31,2915167,"n","y","dia"
9345324,2003-09-23,9999-12-31,2920578,"n","y","cus"
9457476,2016-12-26,9999-12-31,2915735,"n","y","cus"
9512134,2019-04-19,9999-12-31,2914891,"n","y","cus"
9526223,2019-06-24,9999-12-31,2914825,"n","y","dol"
9571314,2013-03-19,9999-12-31,2917113,"n","y","cus"
9582190,2012-08-22,9999-12-31,2917322,"n","y","cus"
9597488,2013-07-11,9999-12-31,2916999,"n","y","cus"
9637705,2016-12-17,9999-12-31,2915744,"n","y","cus"
9640031,2002-10-31,9999-12-31,2920905,"n","y","cus"
9642430,2000-08-19,9999-12-31,2921708,"n","y","cus"
9649286,2002-07-16,9999-12-31,2921012,"n","y","cus"
9649902,2014-05-18,9999-12-31,2916688,"n","y","cus"
9692224,2014-10-16,9999-12-31,2916537,"n","y","cus"
9730283,2017-12-18,9999-12-31,2915378,"n","y","cus"
9753345,2000-10-14,9999-12-31,2921652,"n","y","cus"
9796843,2012-10-17,9999-12-31,2917266,"n","y","cus"
9818181,2009-01-30,9999-12-31,2918622,"n","y","cus"
9842946,2018-08-31,9999-12-31,2915122,"n","y","cus"
9849436,2011-03-14,9999-12-31,2917849,"n","y","cus"
9898440,2009-07-19,9999-12-31,2918452,"n","y","dol"
9900680,2011-08-02,9999-12-31,2917708,"n","y","cus"
9954099,2019-07-27,9999-12-31,2914792,"n","y","cus"
9972651,2008-11-10,9999-12-31,2918703,"n","y","cus"
74928,1900-01-01,2000-02-11,36565,"y","n","cus"
83717,1900-01-01,2003-01-26,37645,"y","n","cus"
109375,1900-01-01,2006-05-30,38865,"y","n","cus"
122954,1900-01-01,2005-01-14,38364,"y","n","dia"
215469,1900-01-01,2014-10-24,41934,"y","n","dia"
224170,1900-01-01,2018-09-11,43352,"y","n","dia"
445607,1900-01-01,2007-05-29,39229,"y","n","cus"
670069,1900-01-01,1999-10-28,36459,"y","n","cus"
709332,1900-01-01,2003-09-24,37886,"y","n","cus"
709794,1900-01-01,2000-05-05,36649,"y","n","cus"
757475,1900-01-01,2006-11-07,39026,"y","n","cus"
822064,1900-01-01,2001-05-29,37038,"y","n","cus"
848556,1900-01-01,2014-11-12,41953,"y","n","cus"
1071015,1900-01-01,2000-02-08,36562,"y","n","dia"
1219589,1900-01-01,2011-02-18,40590,"y","n","dol"
1224096,1900-01-01,2003-08-21,37852,"y","n","cus"
1307431,1900-01-01,2018-02-28,43157,"y","n","dia"
1343304,1900-01-01,2002-07-08,37443,"y","n","cus"
1366556,1900-01-01,2000-12-31,36889,"y","n","dia"
1462207,1900-01-01,2003-01-15,37634,"y","n","dia"
1591634,1900-01-01,2000-03-07,36590,"y","n","dia"
1661424,1900-01-01,2005-11-19,38673,"y","n","cus"
1685960,1900-01-01,1999-09-09,36410,"y","n","cus"
1712294,1900-01-01,1999-09-20,36421,"y","n","cus"
1807250,1900-01-01,2000-10-28,36825,"y","n","cus"
2042264,1900-01-01,2007-06-27,39258,"y","n","dol"
2172384,1900-01-01,2019-03-18,43540,"y","n","dia"
2244352,1900-01-01,2000-05-02,36646,"y","n","dia"
2279765,1900-01-01,2011-05-04,40665,"y","n","cus"
2291585,1900-01-01,2008-10-11,39730,"y","n","cus"
2365728,1900-01-01,2000-02-16,36570,"y","n","dia"
2381514,1900-01-01,2011-09-12,40796,"y","n","cus"
2428208,1900-01-01,2010-03-26,40261,"y","n","dol"
2548594,1900-01-01,2017-04-07,42830,"y","n","dia"
2548994,1900-01-01,2018-04-06,43194,"y","n","cus"
2766794,1900-01-01,2002-04-19,37363,"y","n","dia"
2842132,1900-01-01,2006-03-12,38786,"y","n","dia"
2915759,1900-01-01,2003-01-30,37649,"y","n","cus"
3012095,1900-01-01,1999-11-01,36463,"y","n","cus"
3097768,1900-01-01,1999-11-05,36467,"y","n","dia"
3106222,1900-01-01,1999-12-02,36494,"y","n","dol"
3159275,1900-01-01,2012-11-12,41223,"y","n","dia"
3179541,1900-01-01,2000-03-02,36585,"y","n","cus"
3219623,1900-01-01,2000-02-15,36569,"y","n","cus"
3246965,1900-01-01,2018-10-08,43379,"y","n","dia"
3288065,1900-01-01,1999-11-19,36481,"y","n","dia"
3388367,1900-01-01,2016-12-18,42720,"y","n","cus"
3393130,1900-01-01,1999-10-07,36438,"y","n","dia"
3435426,1900-01-01,2007-11-28,39412,"y","n","dia"
3545376,1900-01-01,2015-05-31,42153,"y","n","cus"
3564125,1900-01-01,2013-07-07,41460,"y","n","cus"
3599033,1900-01-01,1999-08-11,36381,"y","n","cus"
3651221,1900-01-01,2000-02-01,36555,"y","n","cus"
3684245,1900-01-01,2005-08-01,38563,"y","n","cus"
3699897,1900-01-01,2004-03-20,38064,"y","n","cus"
3729171,1900-01-01,2003-08-18,37849,"y","n","cus"
3833985,1900-01-01,2002-12-20,37608,"y","n","cus"
3849005,1900-01-01,2001-09-26,37158,"y","n","dia"
3861411,1900-01-01,2005-06-13,38514,"y","n","dia"
3906882,1900-01-01,2016-03-22,42449,"y","n","dia"
4020957,1900-01-01,2000-12-07,36865,"y","n","dol"
4138253,1900-01-01,2016-11-14,42686,"y","n","cus"
4493120,1900-01-01,2017-03-20,42812,"y","n","cus"
4819759,1900-01-01,1999-09-02,36403,"y","n","cus"
4852410,1900-01-01,2011-03-04,40604,"y","n","cus"
5020231,1900-01-01,2018-10-28,43399,"y","n","cus"
5077684,1900-01-01,2004-04-07,38082,"y","n","dia"
5263379,1900-01-01,2001-03-17,36965,"y","n","cus"
5272423,1900-01-01,2012-02-16,40953,"y","n","cus"
5274496,1900-01-01,1999-10-19,36450,"y","n","cus"
5282175,1900-01-01,1999-12-09,36501,"y","n","dia"
5421210,1900-01-01,2016-04-25,42483,"y","n","cus"
5489058,1900-01-01,2007-03-03,39142,"y","n","dia"
5550344,1900-01-01,1999-10-21,36452,"y","n","dia"
5560276,1900-01-01,2011-02-08,40580,"y","n","cus"
5616781,1900-01-01,1999-11-01,36463,"y","n","cus"
5798200,1900-01-01,2008-02-02,39478,"y","n","dol"
5842151,1900-01-01,2013-01-26,41298,"y","n","cus"
5922502,1900-01-01,2017-04-21,42844,"y","n","dia"
5927164,1900-01-01,2001-09-07,37139,"y","n","cus"
5984960,1900-01-01,2019-04-03,43556,"y","n","dia"
6271427,1900-01-01,2019-09-02,43708,"y","n","dia"
6570021,1900-01-01,2004-12-16,38335,"y","n","cus"
6608215,1900-01-01,2008-03-20,39525,"y","n","cus"
6630923,1900-01-01,2014-11-06,41947,"y","n","dia"
6632156,1900-01-01,2013-07-15,41468,"y","n","dia"
6666172,1900-01-01,2016-05-20,42508,"y","n","cus"
6738751,1900-01-01,2002-08-01,37467,"y","n","dia"
6925522,1900-01-01,2015-01-15,42017,"y","n","dia"
6925953,1900-01-01,2009-04-15,39916,"y","n","dia"
7048795,1900-01-01,2017-10-30,43036,"y","n","cus"
7147327,1900-01-01,2000-01-04,36527,"y","n","cus"
7219275,1900-01-01,2011-09-10,40794,"y","n","cus"
7311915,1900-01-01,2008-10-06,39725,"y","n","dia"
7398831,1900-01-01,2000-02-05,36559,"y","n","dia"
7400174,1900-01-01,2010-02-07,40214,"y","n","cus"
7422386,1900-01-01,2002-02-11,37296,"y","n","dia"
7430769,1900-01-01,2002-05-08,37382,"y","n","cus"
7532175,1900-01-01,2011-08-08,40761,"y","n","cus"
7617455,1900-01-01,2019-03-28,43550,"y","n","dol"
7876753,1900-01-01,2008-08-14,39672,"y","n","cus"
7939078,1900-01-01,2011-02-18,40590,"y","n","dia"
8062990,1900-01-01,2002-01-04,37258,"y","n","dia"
8119679,1900-01-01,2009-01-29,39840,"y","n","dia"
8152928,1900-01-01,2009-09-15,40069,"y","n","dia"
8223317,1900-01-01,2015-11-29,42335,"y","n","cus"
8226313,1900-01-01,2012-05-12,41039,"y","n","dia"
8473553,1900-01-01,2000-07-28,36733,"y","n","cus"
8497891,1900-01-01,2000-07-28,36733,"y","n","cus"
8594647,1900-01-01,2008-04-12,39548,"y","n","cus"
8657962,1900-01-01,1999-07-08,36347,"y","n","cus"
8740403,1900-01-01,2012-11-28,41239,"y","n","dol"
8740650,1900-01-01,2009-12-03,40148,"y","n","cus"
8767087,1900-01-01,2016-07-04,42553,"y","n","cus"
8790965,1900-01-01,2000-03-19,36602,"y","n","cus"
8876042,1900-01-01,2013-10-08,41553,"y","n","cus"
8930156,1900-01-01,2002-12-26,37614,"y","n","cus"
8972129,1900-01-01,2014-11-01,41942,"y","n","dol"
8987511,1900-01-01,2018-11-23,43425,"y","n","cus"
9171714,1900-01-01,2009-04-05,39906,"y","n","dia"
9193527,1900-01-01,2006-02-11,38757,"y","n","cus"
9315774,1900-01-01,2007-05-10,39210,"y","n","cus"
9378511,1900-01-01,2004-09-15,38243,"y","n","cus"
9477552,1900-01-01,2003-08-16,37847,"y","n","dia"
9636102,1900-01-01,2000-02-11,36565,"y","n","dia"
9644224,1900-01-01,2000-03-22,36605,"y","n","cus"
9672647,1900-01-01,2016-09-17,42628,"y","n","cus"
9676867,1900-01-01,2006-01-27,38742,"y","n","cus"
9757512,1900-01-01,2010-09-14,40433,"y","n","cus"
9812751,1900-01-01,1999-09-17,36418,"y","n","dia"
9940045,1900-01-01,1999-12-28,36520,"y","n","cus"
9958306,1900-01-01,2005-09-14,38607,"y","n","cus"
